Generated by HiviewDFX@OpenHarmony
================================================================
Device info:HUAWEI Mate 80 Pro
Build info:SGT-AL00B 7.0.0.100(SP8C00E32R3P2log)
DeviceDebuggable:Yes
Fingerprint:3468f39c6aa082a0ca57dcbc43917b0948812cf11bfdcf34eb0d089fffd56d63
Timestamp:2026-08-06 17:55:00.312
Module name:com.ctrip.harmonynext
ReleaseType:release
CpuAbi:arm64-v8a
Version:8.94.6
VersionCode:1000164
IsSystemApp:No
PreInstalled:No
Foreground:Yes
Pid:16782
Uid:20020314
Process name:com.ctrip.harmonynext
App running unique id:1915795532865833403
Process life time:2s
Process Memory(kB): 468684(Rss)
Device Memory(kB): Total 11701248, Free 980740, Available 5251072
Page switch history:
  17:54:59.846 :enters foreground
Reason:RangeError
Error name:RangeError
Error message:Stack overflow!
Stacktrace:
Cannot get SourceMap info, dump raw stack:
    at IsObservedObject (/usr1/hmos_for_system/src/increment/sourcecode/out/generic_generic_arm_64only/general_all_phone_standard/obj/foundation/arkui/ace_engine/frameworks/bridge/declarative_frontend/stateMgmt.js:3308:1)
    at removeOwningProperty (/usr1/hmos_for_system/src/increment/sourcecode/out/generic_generic_arm_64only/general_all_phone_standard/obj/foundation/arkui/ace_engine/frameworks/bridge/declarative_frontend/stateMgmt.js:3334:1)
    at unsubscribeWrappedObject (/usr1/hmos_for_system/src/increment/sourcecode/out/generic_generic_arm_64only/general_all_phone_standard/obj/foundation/arkui/ace_engine/frameworks/bridge/declarative_frontend/stateMgmt.js:8515:1)
    at setValueInternal (/usr1/hmos_for_system/src/increment/sourcecode/out/generic_generic_arm_64only/general_all_phone_standard/obj/foundation/arkui/ace_engine/frameworks/bridge/declarative_frontend/stateMgmt.js:8538:1)
    at set (/usr1/hmos_for_system/src/increment/sourcecode/out/generic_generic_arm_64only/general_all_phone_standard/obj/foundation/arkui/ace_engine/frameworks/bridge/declarative_frontend/stateMgmt.js:8595:1)
    at originImageAlt (@ctcommon/ctimage|@ctcommon/ctimage|8.94.6-beta.20260729205823|src/main/ets/image/CTImage.ts:134:31)
    at configBeforeShow (@ctcommon/ctimage|@ctcommon/ctimage|8.94.6-beta.20260729205823|src/main/ets/image/CTImage.ts:388:1)
    at onImageOptionChange (@ctcommon/ctimage|@ctcommon/ctimage|8.94.6-beta.20260729205823|src/main/ets/image/CTImage.ts:172:14)
    at viewPropertyHasChanged (/usr1/hmos_for_system/src/increment/sourcecode/out/generic_generic_arm_64only/general_all_phone_standard/obj/foundation/arkui/ace_engine/frameworks/bridge/declarative_frontend/stateMgmt.js:10269:1)
    at notifyPropertyHasChangedPU (/usr1/hmos_for_system/src/increment/sourcecode/out/generic_generic_arm_64only/general_all_phone_standard/obj/foundation/arkui/ace_engine/frameworks/bridge/declarative_frontend/stateMgmt.js:8084:1)
    at onTrackedObjectPropertyCompatModeHasChangedPU (/usr1/hmos_for_system/src/increment/sourcecode/out/generic_generic_arm_64only/general_all_phone_standard/obj/foundation/arkui/ace_engine/frameworks/bridge/declarative_frontend/stateMgmt.js:8329:1)
    at anonymous (/usr1/hmos_for_system/src/increment/sourcecode/out/generic_generic_arm_64only/general_all_phone_standard/obj/foundation/arkui/ace_engine/frameworks/bridge/declarative_frontend/stateMgmt.js:2602:1)
    at notifyObjectPropertyHasChanged (/usr1/hmos_for_system/src/increment/sourcecode/out/generic_generic_arm_64only/general_all_phone_standard/obj/foundation/arkui/ace_engine/frameworks/bridge/declarative_frontend/stateMgmt.js:2594:1)
    at set (/usr1/hmos_for_system/src/increment/sourcecode/out/generic_generic_arm_64only/general_all_phone_standard/obj/foundation/arkui/ace_engine/frameworks/bridge/declarative_frontend/stateMgmt.js:2746:1)
    at configCommonParams (@ctcommon/ctimage|@ctcommon/ctimage|8.94.6-beta.20260729205823|src/main/ets/image/CTImage.ts:418:1)
    at configBeforeShow (@ctcommon/ctimage|@ctcommon/ctimage|8.94.6-beta.20260729205823|src/main/ets/image/CTImage.ts:390:14)
    at onImageOptionChange (@ctcommon/ctimage|@ctcommon/ctimage|8.94.6-beta.20260729205823|src/main/ets/image/CTImage.ts:172:14)
    at viewPropertyHasChanged (/usr1/hmos_for_system/src/increment/sourcecode/out/generic_generic_arm_64only/general_all_phone_standard/obj/foundation/arkui/ace_engine/frameworks/bridge/declarative_frontend/stateMgmt.js:10269:1)
    at notifyPropertyHasChangedPU (/usr1/hmos_for_system/src/increment/sourcecode/out/generic_generic_arm_64only/general_all_phone_standard/obj/foundation/arkui/ace_engine/frameworks/bridge/declarative_frontend/stateMgmt.js:8084:1)
    at onTrackedObjectPropertyCompatModeHasChangedPU (/usr1/hmos_for_system/src/increment/sourcecode/out/generic_generic_arm_64only/general_all_phone_standard/obj/foundation/arkui/ace_engine/frameworks/bridge/declarative_frontend/stateMgmt.js:8329:1)
    at anonymous (/usr1/hmos_for_system/src/increment/sourcecode/out/generic_generic_arm_64only/general_all_phone_standard/obj/foundation/arkui/ace_engine/frameworks/bridge/declarative_frontend/stateMgmt.js:2602:1)
    at notifyObjectPropertyHasChanged (/usr1/hmos_for_system/src/increment/sourcecode/out/generic_generic_arm_64only/general_all_phone_standard/obj/foundation/arkui/ace_engine/frameworks/bridge/declarative_frontend/stateMgmt.js:2594:1)
    at set (/usr1/hmos_for_system/src/increment/sourcecode/out/generic_generic_arm_64only/general_all_phone_standard/obj/foundation/arkui/ace_engine/frameworks/bridge/declarative_frontend/stateMgmt.js:2746:1)
    at transUrl (@ctcommon/ctimage|@ctcommon/ctimage|8.94.6-beta.20260729205823|src/main/ets/image/util/CTImageLoader.ts:54:1)
    at configCommonParams (@ctcommon/ctimage|@ctcommon/ctimage|8.94.6-beta.20260729205823|src/main/ets/image/CTImage.ts:421:27)
    at configBeforeShow (@ctcommon/ctimage|@ctcommon/ctimage|8.94.6-beta.20260729205823|src/main/ets/image/CTImage.ts:390:14)
    at onImageOptionChange (@ctcommon/ctimage|@ctcommon/ctimage|8.94.6-beta.20260729205823|src/main/ets/image/CTImage.ts:172:14)
    at viewPropertyHasChanged (/usr1/hmos_for_system/src/increment/sourcecode/out/generic_generic_arm_64only/general_all_phone_standard/obj/foundation/arkui/ace_engine/frameworks/bridge/declarative_frontend/stateMgmt.js:10269:1)
    at notifyPropertyHasChangedPU (/usr1/hmos_for_system/src/increment/sourcecode/out/generic_generic_arm_64only/general_all_phone_standard/obj/foundation/arkui/ace_engine/frameworks/bridge/declarative_frontend/stateMgmt.js:8084:1)
    at onTrackedObjectPropertyCompatModeHasChangedPU (/usr1/hmos_for_system/src/increment/sourcecode/out/generic_generic_arm_64only/general_all_phone_standard/obj/foundation/arkui/ace_engine/frameworks/bridge/declarative_frontend/stateMgmt.js:8329:1)
    at anonymous (/usr1/hmos_for_system/src/increment/sourcecode/out/generic_generic_arm_64only/general_all_phone_standard/obj/foundation/arkui/ace_engine/frameworks/bridge/declarative_frontend/stateMgmt.js:2602:1)
    at notifyObjectPropertyHasChanged (/usr1/hmos_for_system/src/increment/sourcecode/out/generic_generic_arm_64only/general_all_phone_standard/obj/foundation/arkui/ace_engine/frameworks/bridge/declarative_frontend/stateMgmt.js:2594:1)
    at set (/usr1/hmos_for_system/src/increment/sourcecode/out/generic_generic_arm_64only/general_all_phone_standard/obj/foundation/arkui/ace_engine/frameworks/bridge/declarative_frontend/stateMgmt.js:2746:1)
    at configCommonParams (@ctcommon/ctimage|@ctcommon/ctimage|8.94.6-beta.20260729205823|src/main/ets/image/CTImage.ts:418:1)
    at configBeforeShow (@ctcommon/ctimage|@ctcommon/ctimage|8.94.6-beta.20260729205823|src/main/ets/image/CTImage.ts:390:14)
    at onImageOptionChange (@ctcommon/ctimage|@ctcommon/ctimage|8.94.6-beta.20260729205823|src/main/ets/image/CTImage.ts:172:14)
    at viewPropertyHasChanged (/usr1/hmos_for_system/src/increment/sourcecode/out/generic_generic_arm_64only/general_all_phone_standard/obj/foundation/arkui/ace_engine/frameworks/bridge/declarative_frontend/stateMgmt.js:10269:1)
    at notifyPropertyHasChangedPU (/usr1/hmos_for_system/src/increment/sourcecode/out/generic_generic_arm_64only/general_all_phone_standard/obj/foundation/arkui/ace_engine/frameworks/bridge/declarative_frontend/stateMgmt.js:8084:1)
    at onTrackedObjectPropertyCompatModeHasChangedPU (/usr1/hmos_for_system/src/increment/sourcecode/out/generic_generic_arm_64only/general_all_phone_standard/obj/foundation/arkui/ace_engine/frameworks/bridge/declarative_frontend/stateMgmt.js:8329:1)
    at anonymous (/usr1/hmos_for_system/src/increment/sourcecode/out/generic_generic_arm_64only/general_all_phone_standard/obj/foundation/arkui/ace_engine/frameworks/bridge/declarative_frontend/stateMgmt.js:2602:1)
    at notifyObjectPropertyHasChanged (/usr1/hmos_for_system/src/increment/sourcecode/out/generic_generic_arm_64only/general_all_phone_standard/obj/foundation/arkui/ace_engine/frameworks/bridge/declarative_frontend/stateMgmt.js:2594:1)
    at set (/usr1/hmos_for_system/src/increment/sourcecode/out/generic_generic_arm_64only/general_all_phone_standard/obj/foundation/arkui/ace_engine/frameworks/bridge/declarative_frontend/stateMgmt.js:2746:1)
    at transUrl (@ctcommon/ctimage|@ctcommon/ctimage|8.94.6-beta.20260729205823|src/main/ets/image/util/CTImageLoader.ts:54:1)
    at configCommonParams (@ctcommon/ctimage|@ctcommon/ctimage|8.94.6-beta.20260729205823|src/main/ets/image/CTImage.ts:421:27)
    at configBeforeShow (@ctcommon/ctimage|@ctcommon/ctimage|8.94.6-beta.20260729205823|src/main/ets/image/CTImage.ts:390:14)
    at onImageOptionChange (@ctcommon/ctimage|@ctcommon/ctimage|8.94.6-beta.20260729205823|src/main/ets/image/CTImage.ts:172:14)
    at viewPropertyHasChanged (/usr1/hmos_for_system/src/increment/sourcecode/out/generic_generic_arm_64only/general_all_phone_standard/obj/foundation/arkui/ace_engine/frameworks/bridge/declarative_frontend/stateMgmt.js:10269:1)
    at notifyPropertyHasChangedPU (/usr1/hmos_for_system/src/increment/sourcecode/out/generic_generic_arm_64only/general_all_phone_standard/obj/foundation/arkui/ace_engine/frameworks/bridge/declarative_frontend/stateMgmt.js:8084:1)
    at onTrackedObjectPropertyCompatModeHasChangedPU (/usr1/hmos_for_system/src/increment/sourcecode/out/generic_generic_arm_64only/general_all_phone_standard/obj/foundation/arkui/ace_engine/frameworks/bridge/declarative_frontend/stateMgmt.js:8329:1)
    at anonymous (/usr1/hmos_for_system/src/increment/sourcecode/out/generic_generic_arm_64only/general_all_phone_standard/obj/foundation/arkui/ace_engine/frameworks/bridge/declarative_frontend/stateMgmt.js:2602:1)
    at notifyObjectPropertyHasChanged (/usr1/hmos_for_system/src/increment/sourcecode/out/generic_generic_arm_64only/general_all_phone_standard/obj/foundation/arkui/ace_engine/frameworks/bridge/declarative_frontend/stateMgmt.js:2594:1)
    at set (/usr1/hmos_for_system/src/increment/sourcecode/out/generic_generic_arm_64only/general_all_phone_standard/obj/foundation/arkui/ace_engine/frameworks/bridge/declarative_frontend/stateMgmt.js:2746:1)HybridStack:
#00 pc 0000000000413360 /system/lib64/platformsdk/libark_jsruntime.so(f50c64a4cbc8c392ce5e83e387adde32)
#01 pc 00000000004114f0 /system/lib64/platformsdk/libark_jsruntime.so(f50c64a4cbc8c392ce5e83e387adde32)
#02 pc 00000000006a469c /system/lib64/platformsdk/libark_jsruntime.so(f50c64a4cbc8c392ce5e83e387adde32)
#03 pc 00000000003943a4 /system/lib64/platformsdk/libark_jsruntime.so(f50c64a4cbc8c392ce5e83e387adde32)
#04 pc 00000000003934a0 /system/lib64/platformsdk/libark_jsruntime.so(panda::ecmascript::ObjectFactory::GetJSError(panda::ecmascript::base::ErrorType const&, char const*, panda::ecmascript::StackCheck)+240)(f50c64a4cbc8c392ce5e83e387adde32)
#05 pc 0000000000ac9940 /system/lib64/platformsdk/libark_jsruntime.so(f50c64a4cbc8c392ce5e83e387adde32)
#06 pc 0000000000e869e4 /system/lib64/module/arkcompiler/stub.an(RTStub_AsmInterpreterEntry+1192)
#07 pc 000000000021e624 /system/lib64/platformsdk/libark_jsruntime.so(f50c64a4cbc8c392ce5e83e387adde32)
#08 pc 00000000003a9780 /system/lib64/platformsdk/libark_jsruntime.so(f50c64a4cbc8c392ce5e83e387adde32)
#09 pc 00000000003a9418 /system/lib64/platformsdk/libark_jsruntime.so(f50c64a4cbc8c392ce5e83e387adde32)
#10 pc 0000000000e842fc /system/lib64/module/arkcompiler/stub.an(RTStub_CallRuntime+44)
#11 pc 0000000000c2ac90 /system/lib64/module/arkcompiler/stub.an(BuiltinStub_ReflectHasStwCopy+26732)
#12 pc 0000000000d54c9c /system/lib64/module/arkcompiler/stub.an(BCStub_HandleCallthis2Imm8V8V8V8StwCopy+548)
#13 at IsObservedObject (/usr1/hmos_for_system/src/increment/sourcecode/out/generic_generic_arm_64only/general_all_phone_standard/obj/foundation/arkui/ace_engine/frameworks/bridge/declarative_frontend/stateMgmt.js:3308:1)
#14 at removeOwningProperty (/usr1/hmos_for_system/src/increment/sourcecode/out/generic_generic_arm_64only/general_all_phone_standard/obj/foundation/arkui/ace_engine/frameworks/bridge/declarative_frontend/stateMgmt.js:3334:1)
#15 at unsubscribeWrappedObject (/usr1/hmos_for_system/src/increment/sourcecode/out/generic_generic_arm_64only/general_all_phone_standard/obj/foundation/arkui/ace_engine/frameworks/bridge/declarative_frontend/stateMgmt.js:8515:1)
#16 at setValueInternal (/usr1/hmos_for_system/src/increment/sourcecode/out/generic_generic_arm_64only/general_all_phone_standard/obj/foundation/arkui/ace_engine/frameworks/bridge/declarative_frontend/stateMgmt.js:8538:1)
#17 at set (/usr1/hmos_for_system/src/increment/sourcecode/out/generic_generic_arm_64only/general_all_phone_standard/obj/foundation/arkui/ace_engine/frameworks/bridge/declarative_frontend/stateMgmt.js:8595:1)
#18 at originImageAlt (@ctcommon/ctimage|@ctcommon/ctimage|8.94.6-beta.20260729205823|src/main/ets/image/CTImage.ts:134:31)
#19 pc 0000000000cf84d0 /system/lib64/module/arkcompiler/stub.an(BCStub_HandleStobjbynameImm8Id16V8StwCopy+16416)
#20 at configBeforeShow (@ctcommon/ctimage|@ctcommon/ctimage|8.94.6-beta.20260729205823|src/main/ets/image/CTImage.ts:388:1)
#21 at onImageOptionChange (@ctcommon/ctimage|@ctcommon/ctimage|8.94.6-beta.20260729205823|src/main/ets/image/CTImage.ts:172:14)
#22 pc 0000000000c10e98 /system/lib64/module/arkcompiler/stub.an(BuiltinStub_FunctionPrototypeCallStwCopy+1268)
#23 pc 0000000000d54c9c /system/lib64/module/arkcompiler/stub.an(BCStub_HandleCallthis2Imm8V8V8V8StwCopy+548)
#24 at viewPropertyHasChanged (/usr1/hmos_for_system/src/increment/sourcecode/out/generic_generic_arm_64only/general_all_phone_standard/obj/foundation/arkui/ace_engine/frameworks/bridge/declarative_frontend/stateMgmt.js:10269:1)
#25 at notifyPropertyHasChangedPU (/usr1/hmos_for_system/src/increment/sourcecode/out/generic_generic_arm_64only/general_all_phone_standard/obj/foundation/arkui/ace_engine/frameworks/bridge/declarative_frontend/stateMgmt.js:8084:1)
#26 at onTrackedObjectPropertyCompatModeHasChangedPU (/usr1/hmos_for_system/src/increment/sourcecode/out/generic_generic_arm_64only/general_all_phone_standard/obj/foundation/arkui/ace_engine/frameworks/bridge/declarative_frontend/stateMgmt.js:8329:1)
#27 at anonymous (/usr1/hmos_for_system/src/increment/sourcecode/out/generic_generic_arm_64only/general_all_phone_standard/obj/foundation/arkui/ace_engine/frameworks/bridge/declarative_frontend/stateMgmt.js:2602:1)
#28 pc 0000000000c04ee4 /system/lib64/module/arkcompiler/stub.an(BuiltinStub_SetForEachStwCopy+728)
#29 pc 0000000000cdeb94 /system/lib64/module/arkcompiler/stub.an(BCStub_HandleCallthis1Imm8V8V8StwCopy+536)
#30 at notifyObjectPropertyHasChanged (/usr1/hmos_for_system/src/increment/sourcecode/out/generic_generic_arm_64only/general_all_phone_standard/obj/foundation/arkui/ace_engine/frameworks/bridge/declarative_frontend/stateMgmt.js:2594:1)
#31 at set (/usr1/hmos_for_system/src/increment/sourcecode/out/generic_generic_arm_64only/general_all_phone_standard/obj/foundation/arkui/ace_engine/frameworks/bridge/declarative_frontend/stateMgmt.js:2746:1)
#32 pc 0000000000a9cbd4 /system/lib64/module/arkcompiler/stub.an(COStub_JSProxySetPropertyStwCopy+6568)
#33 pc 0000000000cf5cfc /system/lib64/module/arkcompiler/stub.an(BCStub_HandleStobjbynameImm8Id16V8StwCopy+6220)
#34 at configCommonParams (@ctcommon/ctimage|@ctcommon/ctimage|8.94.6-beta.20260729205823|src/main/ets/image/CTImage.ts:418:1)
#35 at configBeforeShow (@ctcommon/ctimage|@ctcommon/ctimage|8.94.6-beta.20260729205823|src/main/ets/image/CTImage.ts:390:14)
#36 at onImageOptionChange (@ctcommon/ctimage|@ctcommon/ctimage|8.94.6-beta.20260729205823|src/main/ets/image/CTImage.ts:172:14)
#37 pc 0000000000c10e98 /system/lib64/module/arkcompiler/stub.an(BuiltinStub_FunctionPrototypeCallStwCopy+1268)
#38 pc 0000000000d54c9c /system/lib64/module/arkcompiler/stub.an(BCStub_HandleCallthis2Imm8V8V8V8StwCopy+548)
#39 at viewPropertyHasChanged (/usr1/hmos_for_system/src/increment/sourcecode/out/generic_generic_arm_64only/general_all_phone_standard/obj/foundation/arkui/ace_engine/frameworks/bridge/declarative_frontend/stateMgmt.js:10269:1)
#40 at notifyPropertyHasChangedPU (/usr1/hmos_for_system/src/increment/sourcecode/out/generic_generic_arm_64only/general_all_phone_standard/obj/foundation/arkui/ace_engine/frameworks/bridge/declarative_frontend/stateMgmt.js:8084:1)
#41 at onTrackedObjectPropertyCompatModeHasChangedPU (/usr1/hmos_for_system/src/increment/sourcecode/out/generic_generic_arm_64only/general_all_phone_standard/obj/foundation/arkui/ace_engine/frameworks/bridge/declarative_frontend/stateMgmt.js:8329:1)
#42 at anonymous (/usr1/hmos_for_system/src/increment/sourcecode/out/generic_generic_arm_64only/general_all_phone_standard/obj/foundation/arkui/ace_engine/frameworks/bridge/declarative_frontend/stateMgmt.js:2602:1)
#43 pc 0000000000c04ee4 /system/lib64/module/arkcompiler/stub.an(BuiltinStub_SetForEachStwCopy+728)
#44 pc 0000000000cdeb94 /system/lib64/module/arkcompiler/stub.an(BCStub_HandleCallthis1Imm8V8V8StwCopy+536)
#45 at notifyObjectPropertyHasChanged (/usr1/hmos_for_system/src/increment/sourcecode/out/generic_generic_arm_64only/general_all_phone_standard/obj/foundation/arkui/ace_engine/frameworks/bridge/declarative_frontend/stateMgmt.js:2594:1)
#46 at set (/usr1/hmos_for_system/src/increment/sourcecode/out/generic_generic_arm_64only/general_all_phone_standard/obj/foundation/arkui/ace_engine/frameworks/bridge/declarative_frontend/stateMgmt.js:2746:1)
#47 pc 0000000000a9cbd4 /system/lib64/module/arkcompiler/stub.an(COStub_JSProxySetPropertyStwCopy+6568)
#48 pc 0000000000cf5cfc /system/lib64/module/arkcompiler/stub.an(BCStub_HandleStobjbynameImm8Id16V8StwCopy+6220)
#49 at transUrl (@ctcommon/ctimage|@ctcommon/ctimage|8.94.6-beta.20260729205823|src/main/ets/image/util/CTImageLoader.ts:54:1)
#50 at configCommonParams (@ctcommon/ctimage|@ctcommon/ctimage|8.94.6-beta.20260729205823|src/main/ets/image/CTImage.ts:421:27)
#51 at configBeforeShow (@ctcommon/ctimage|@ctcommon/ctimage|8.94.6-beta.20260729205823|src/main/ets/image/CTImage.ts:390:14)
#52 at onImageOptionChange (@ctcommon/ctimage|@ctcommon/ctimage|8.94.6-beta.20260729205823|src/main/ets/image/CTImage.ts:172:14)
#53 pc 0000000000c10e98 /system/lib64/module/arkcompiler/stub.an(BuiltinStub_FunctionPrototypeCallStwCopy+1268)
#54 pc 0000000000d54c9c /system/lib64/module/arkcompiler/stub.an(BCStub_HandleCallthis2Imm8V8V8V8StwCopy+548)
#55 at viewPropertyHasChanged (/usr1/hmos_for_system/src/increment/sourcecode/out/generic_generic_arm_64only/general_all_phone_standard/obj/foundation/arkui/ace_engine/frameworks/bridge/declarative_frontend/stateMgmt.js:10269:1)
#56 at notifyPropertyHasChangedPU (/usr1/hmos_for_system/src/increment/sourcecode/out/generic_generic_arm_64only/general_all_phone_standard/obj/foundation/arkui/ace_engine/frameworks/bridge/declarative_frontend/stateMgmt.js:8084:1)
#57 at onTrackedObjectPropertyCompatModeHasChangedPU (/usr1/hmos_for_system/src/increment/sourcecode/out/generic_generic_arm_64only/general_all_phone_standard/obj/foundation/arkui/ace_engine/frameworks/bridge/declarative_frontend/stateMgmt.js:8329:1)
#58 at anonymous (/usr1/hmos_for_system/src/increment/sourcecode/out/generic_generic_arm_64only/general_all_phone_standard/obj/foundation/arkui/ace_engine/frameworks/bridge/declarative_frontend/stateMgmt.js:2602:1)
#59 pc 0000000000c04ee4 /system/lib64/module/arkcompiler/stub.an(BuiltinStub_SetForEachStwCopy+728)
#60 pc 0000000000cdeb94 /system/lib64/module/arkcompiler/stub.an(BCStub_HandleCallthis1Imm8V8V8StwCopy+536)
#61 at notifyObjectPropertyHasChanged (/usr1/hmos_for_system/src/increment/sourcecode/out/generic_generic_arm_64only/general_all_phone_standard/obj/foundation/arkui/ace_engine/frameworks/bridge/declarative_frontend/stateMgmt.js:2594:1)
#62 at set (/usr1/hmos_for_system/src/increment/sourcecode/out/generic_generic_arm_64only/general_all_phone_standard/obj/foundation/arkui/ace_engine/frameworks/bridge/declarative_frontend/stateMgmt.js:2746:1)
#63 pc 0000000000a9cbd4 /system/lib64/module/arkcompiler/stub.an(COStub_JSProxySetPropertyStwCopy+6568)
#64 pc 0000000000cf5cfc /system/lib64/module/arkcompiler/stub.an(BCStub_HandleStobjbynameImm8Id16V8StwCopy+6220)
#65 at configCommonParams (@ctcommon/ctimage|@ctcommon/ctimage|8.94.6-beta.20260729205823|src/main/ets/image/CTImage.ts:418:1)
#66 at configBeforeShow (@ctcommon/ctimage|@ctcommon/ctimage|8.94.6-beta.20260729205823|src/main/ets/image/CTImage.ts:390:14)
#67 at onImageOptionChange (@ctcommon/ctimage|@ctcommon/ctimage|8.94.6-beta.20260729205823|src/main/ets/image/CTImage.ts:172:14)
#68 pc 0000000000c10e98 /system/lib64/module/arkcompiler/stub.an(BuiltinStub_FunctionPrototypeCallStwCopy+1268)
#69 pc 0000000000d54c9c /system/lib64/module/arkcompiler/stub.an(BCStub_HandleCallthis2Imm8V8V8V8StwCopy+548)
#70 at viewPropertyHasChanged (/usr1/hmos_for_system/src/increment/sourcecode/out/generic_generic_arm_64only/general_all_phone_standard/obj/foundation/arkui/ace_engine/frameworks/bridge/declarative_frontend/stateMgmt.js:10269:1)
#71 at notifyPropertyHasChangedPU (/usr1/hmos_for_system/src/increment/sourcecode/out/generic_generic_arm_64only/general_all_phone_standard/obj/foundation/arkui/ace_engine/frameworks/bridge/declarative_frontend/stateMgmt.js:8084:1)
#72 at onTrackedObjectPropertyCompatModeHasChangedPU (/usr1/hmos_for_system/src/increment/sourcecode/out/generic_generic_arm_64only/general_all_phone_standard/obj/foundation/arkui/ace_engine/frameworks/bridge/declarative_frontend/stateMgmt.js:8329:1)
#73 at anonymous (/usr1/hmos_for_system/src/increment/sourcecode/out/generic_generic_arm_64only/general_all_phone_standard/obj/foundation/arkui/ace_engine/frameworks/bridge/declarative_frontend/stateMgmt.js:2602:1)
#74 pc 0000000000c04ee4 /system/lib64/module/arkcompiler/stub.an(BuiltinStub_SetForEachStwCopy+728)
#75 pc 0000000000cdeb94 /system/lib64/module/arkcompiler/stub.an(BCStub_HandleCallthis1Imm8V8V8StwCopy+536)
#76 at notifyObjectPropertyHasChanged (/usr1/hmos_for_system/src/increment/sourcecode/out/generic_generic_arm_64only/general_all_phone_standard/obj/foundation/arkui/ace_engine/frameworks/bridge/declarative_frontend/stateMgmt.js:2594:1)
#77 at set (/usr1/hmos_for_system/src/increment/sourcecode/out/generic_generic_arm_64only/general_all_phone_standard/obj/foundation/arkui/ace_engine/frameworks/bridge/declarative_frontend/stateMgmt.js:2746:1)
#78 pc 0000000000a9cbd4 /system/lib64/module/arkcompiler/stub.an(COStub_JSProxySetPropertyStwCopy+6568)
#79 pc 0000000000cf5cfc /system/lib64/module/arkcompiler/stub.an(BCStub_HandleStobjbynameImm8Id16V8StwCopy+6220)
#80 at transUrl (@ctcommon/ctimage|@ctcommon/ctimage|8.94.6-beta.20260729205823|src/main/ets/image/util/CTImageLoader.ts:54:1)
#81 at configCommonParams (@ctcommon/ctimage|@ctcommon/ctimage|8.94.6-beta.20260729205823|src/main/ets/image/CTImage.ts:421:27)
#82 at configBeforeShow (@ctcommon/ctimage|@ctcommon/ctimage|8.94.6-beta.20260729205823|src/main/ets/image/CTImage.ts:390:14)
#83 at onImageOptionChange (@ctcommon/ctimage|@ctcommon/ctimage|8.94.6-beta.20260729205823|src/main/ets/image/CTImage.ts:172:14)
#84 pc 0000000000c10e98 /system/lib64/module/arkcompiler/stub.an(BuiltinStub_FunctionPrototypeCallStwCopy+1268)
#85 pc 0000000000d54c9c /system/lib64/module/arkcompiler/stub.an(BCStub_HandleCallthis2Imm8V8V8V8StwCopy+548)
#86 at viewPropertyHasChanged (/usr1/hmos_for_system/src/increment/sourcecode/out/generic_generic_arm_64only/general_all_phone_standard/obj/foundation/arkui/ace_engine/frameworks/bridge/declarative_frontend/stateMgmt.js:10269:1)
#87 at notifyPropertyHasChangedPU (/usr1/hmos_for_system/src/increment/sourcecode/out/generic_generic_arm_64only/general_all_phone_standard/obj/foundation/arkui/ace_engine/frameworks/bridge/declarative_frontend/stateMgmt.js:8084:1)
#88 at onTrackedObjectPropertyCompatModeHasChangedPU (/usr1/hmos_for_system/src/increment/sourcecode/out/generic_generic_arm_64only/general_all_phone_standard/obj/foundation/arkui/ace_engine/frameworks/bridge/declarative_frontend/stateMgmt.js:8329:1)
#89 at anonymous (/usr1/hmos_for_system/src/increment/sourcecode/out/generic_generic_arm_64only/general_all_phone_standard/obj/foundation/arkui/ace_engine/frameworks/bridge/declarative_frontend/stateMgmt.js:2602:1)
#90 pc 0000000000c04ee4 /system/lib64/module/arkcompiler/stub.an(BuiltinStub_SetForEachStwCopy+728)
#91 pc 0000000000cdeb94 /system/lib64/module/arkcompiler/stub.an(BCStub_HandleCallthis1Imm8V8V8StwCopy+536)
#92 at notifyObjectPropertyHasChanged (/usr1/hmos_for_system/src/increment/sourcecode/out/generic_generic_arm_64only/general_all_phone_standard/obj/foundation/arkui/ace_engine/frameworks/bridge/declarative_frontend/stateMgmt.js:2594:1)
#93 at set (/usr1/hmos_for_system/src/increment/sourcecode/out/generic_generic_arm_64only/general_all_phone_standard/obj/foundation/arkui/ace_engine/frameworks/bridge/declarative_frontend/stateMgmt.js:2746:1)
#94 pc 0000000000a9cbd4 /system/lib64/module/arkcompiler/stub.an(COStub_JSProxySetPropertyStwCopy+6568)
#95 pc 0000000000cf5cfc /system/lib64/module/arkcompiler/stub.an(BCStub_HandleStobjbynameImm8Id16V8StwCopy+6220)
#96 at configCommonParams (@ctcommon/ctimage|@ctcommon/ctimage|8.94.6-beta.20260729205823|src/main/ets/image/CTImage.ts:418:1)
#97 at configBeforeShow (@ctcommon/ctimage|@ctcommon/ctimage|8.94.6-beta.20260729205823|src/main/ets/image/CTImage.ts:390:14)
#98 at onImageOptionChange (@ctcommon/ctimage|@ctcommon/ctimage|8.94.6-beta.20260729205823|src/main/ets/image/CTImage.ts:172:14)
#99 pc 0000000000c10e98 /system/lib64/module/arkcompiler/stub.an(BuiltinStub_FunctionPrototypeCallStwCopy+1268)
#100 pc 0000000000d54c9c /system/lib64/module/arkcompiler/stub.an(BCStub_HandleCallthis2Imm8V8V8V8StwCopy+548)
#101 at viewPropertyHasChanged (/usr1/hmos_for_system/src/increment/sourcecode/out/generic_generic_arm_64only/general_all_phone_standard/obj/foundation/arkui/ace_engine/frameworks/bridge/declarative_frontend/stateMgmt.js:10269:1)
#102 at notifyPropertyHasChangedPU (/usr1/hmos_for_system/src/increment/sourcecode/out/generic_generic_arm_64only/general_all_phone_standard/obj/foundation/arkui/ace_engine/frameworks/bridge/declarative_frontend/stateMgmt.js:8084:1)
#103 at onTrackedObjectPropertyCompatModeHasChangedPU (/usr1/hmos_for_system/src/increment/sourcecode/out/generic_generic_arm_64only/general_all_phone_standard/obj/foundation/arkui/ace_engine/frameworks/bridge/declarative_frontend/stateMgmt.js:8329:1)
#104 at anonymous (/usr1/hmos_for_system/src/increment/sourcecode/out/generic_generic_arm_64only/general_all_phone_standard/obj/foundation/arkui/ace_engine/frameworks/bridge/declarative_frontend/stateMgmt.js:2602:1)
#105 pc 0000000000c04ee4 /system/lib64/module/arkcompiler/stub.an(BuiltinStub_SetForEachStwCopy+728)
#106 pc 0000000000cdeb94 /system/lib64/module/arkcompiler/stub.an(BCStub_HandleCallthis1Imm8V8V8StwCopy+536)
#107 at notifyObjectPropertyHasChanged (/usr1/hmos_for_system/src/increment/sourcecode/out/generic_generic_arm_64only/general_all_phone_standard/obj/foundation/arkui/ace_engine/frameworks/bridge/declarative_frontend/stateMgmt.js:2594:1)
#108 at set (/usr1/hmos_for_system/src/increment/sourcecode/out/generic_generic_arm_64only/general_all_phone_standard/obj/foundation/arkui/ace_engine/frameworks/bridge/declarative_frontend/stateMgmt.js:2746:1)
#109 pc 0000000000a9cbd4 /system/lib64/module/arkcompiler/stub.an(COStub_JSProxySetPropertyStwCopy+6568)
#110 pc 0000000000cf5cfc /system/lib64/module/arkcompiler/stub.an(BCStub_HandleStobjbynameImm8Id16V8StwCopy+6220)
#111 at transUrl (@ctcommon/ctimage|@ctcommon/ctimage|8.94.6-beta.20260729205823|src/main/ets/image/util/CTImageLoader.ts:54:1)
#112 at configCommonParams (@ctcommon/ctimage|@ctcommon/ctimage|8.94.6-beta.20260729205823|src/main/ets/image/CTImage.ts:421:27)
#113 at configBeforeShow (@ctcommon/ctimage|@ctcommon/ctimage|8.94.6-beta.20260729205823|src/main/ets/image/CTImage.ts:390:14)
#114 at onImageOptionChange (@ctcommon/ctimage|@ctcommon/ctimage|8.94.6-beta.20260729205823|src/main/ets/image/CTImage.ts:172:14)
#115 pc 0000000000c10e98 /system/lib64/module/arkcompiler/stub.an(BuiltinStub_FunctionPrototypeCallStwCopy+1268)
#116 pc 0000000000d54c9c /system/lib64/module/arkcompiler/stub.an(BCStub_HandleCallthis2Imm8V8V8V8StwCopy+548)
#117 at viewPropertyHasChanged (/usr1/hmos_for_system/src/increment/sourcecode/out/generic_generic_arm_64only/general_all_phone_standard/obj/foundation/arkui/ace_engine/frameworks/bridge/declarative_frontend/stateMgmt.js:10269:1)
#118 at notifyPropertyHasChangedPU (/usr1/hmos_for_system/src/increment/sourcecode/out/generic_generic_arm_64only/general_all_phone_standard/obj/foundation/arkui/ace_engine/frameworks/bridge/declarative_frontend/stateMgmt.js:8084:1)
#119 at onTrackedObjectPropertyCompatModeHasChangedPU (/usr1/hmos_for_system/src/increment/sourcecode/out/generic_generic_arm_64only/general_all_phone_standard/obj/foundation/arkui/ace_engine/frameworks/bridge/declarative_frontend/stateMgmt.js:8329:1)
#120 at anonymous (/usr1/hmos_for_system/src/increment/sourcecode/out/generic_generic_arm_64only/general_all_phone_standard/obj/foundation/arkui/ace_engine/frameworks/bridge/declarative_frontend/stateMgmt.js:2602:1)
#121 pc 0000000000c04ee4 /system/lib64/module/arkcompiler/stub.an(BuiltinStub_SetForEachStwCopy+728)
#122 pc 0000000000cdeb94 /system/lib64/module/arkcompiler/stub.an(BCStub_HandleCallthis1Imm8V8V8StwCopy+536)
#123 at notifyObjectPropertyHasChanged (/usr1/hmos_for_system/src/increment/sourcecode/out/generic_generic_arm_64only/general_all_phone_standard/obj/foundation/arkui/ace_engine/frameworks/bridge/declarative_frontend/stateMgmt.js:2594:1)
#124 at set (/usr1/hmos_for_system/src/increment/sourcecode/out/generic_generic_arm_64only/general_all_phone_standard/obj/foundation/arkui/ace_engine/frameworks/bridge/declarative_frontend/stateMgmt.js:2746:1)
#125 pc 0000000000a9cbd4 /system/lib64/module/arkcompiler/stub.an(COStub_JSProxySetPropertyStwCopy+6568)
#126 pc 0000000000cf5cfc /system/lib64/module/arkcompiler/stub.an(BCStub_HandleStobjbynameImm8Id16V8StwCopy+6220)
#127 at configCommonParams (@ctcommon/ctimage|@ctcommon/ctimage|8.94.6-beta.20260729205823|src/main/ets/image/CTImage.ts:418:1)
#128 at configBeforeShow (@ctcommon/ctimage|@ctcommon/ctimage|8.94.6-beta.20260729205823|src/main/ets/image/CTImage.ts:390:14)
#129 at onImageOptionChange (@ctcommon/ctimage|@ctcommon/ctimage|8.94.6-beta.20260729205823|src/main/ets/image/CTImage.ts:172:14)
#130 pc 0000000000c10e98 /system/lib64/module/arkcompiler/stub.an(BuiltinStub_FunctionPrototypeCallStwCopy+1268)
#131 pc 0000000000d54c9c /system/lib64/module/arkcompiler/stub.an(BCStub_HandleCallthis2Imm8V8V8V8StwCopy+548)
#132 at viewPropertyHasChanged (/usr1/hmos_for_system/src/increment/sourcecode/out/generic_generic_arm_64only/general_all_phone_standard/obj/foundation/arkui/ace_engine/frameworks/bridge/declarative_frontend/stateMgmt.js:10269:1)
#133 at notifyPropertyHasChangedPU (/usr1/hmos_for_system/src/increment/sourcecode/out/generic_generic_arm_64only/general_all_phone_standard/obj/foundation/arkui/ace_engine/frameworks/bridge/declarative_frontend/stateMgmt.js:8084:1)
#134 at onTrackedObjectPropertyCompatModeHasChangedPU (/usr1/hmos_for_system/src/increment/sourcecode/out/generic_generic_arm_64only/general_all_phone_standard/obj/foundation/arkui/ace_engine/frameworks/bridge/declarative_frontend/stateMgmt.js:8329:1)
#135 at anonymous (/usr1/hmos_for_system/src/increment/sourcecode/out/generic_generic_arm_64only/general_all_phone_standard/obj/foundation/arkui/ace_engine/frameworks/bridge/declarative_frontend/stateMgmt.js:2602:1)
#136 pc 0000000000c04ee4 /system/lib64/module/arkcompiler/stub.an(BuiltinStub_SetForEachStwCopy+728)
#137 pc 0000000000cdeb94 /system/lib64/module/arkcompiler/stub.an(BCStub_HandleCallthis1Imm8V8V8StwCopy+536)
#138 at notifyObjectPropertyHasChanged (/usr1/hmos_for_system/src/increment/sourcecode/out/generic_generic_arm_64only/general_all_phone_standard/obj/foundation/arkui/ace_engine/frameworks/bridge/declarative_frontend/stateMgmt.js:2594:1)
#139 at set (/usr1/hmos_for_system/src/increment/sourcecode/out/generic_generic_arm_64only/general_all_phone_standard/obj/foundation/arkui/ace_engine/frameworks/bridge/declarative_frontend/stateMgmt.js:2746:1)
#140 pc 0000000000a9cbd4 /system/lib64/module/arkcompiler/stub.an(COStub_JSProxySetPropertyStwCopy+6568)
#141 pc 0000000000cf5cfc /system/lib64/module/arkcompiler/stub.an(BCStub_HandleStobjbynameImm8Id16V8StwCopy+6220)
#142 at transUrl (@ctcommon/ctimage|@ctcommon/ctimage|8.94.6-beta.20260729205823|src/main/ets/image/util/CTImageLoader.ts:54:1)
#143 at configCommonParams (@ctcommon/ctimage|@ctcommon/ctimage|8.94.6-beta.20260729205823|src/main/ets/image/CTImage.ts:421:27)
#144 at configBeforeShow (@ctcommon/ctimage|@ctcommon/ctimage|8.94.6-beta.20260729205823|src/main/ets/image/CTImage.ts:390:14)
#145 at onImageOptionChange (@ctcommon/ctimage|@ctcommon/ctimage|8.94.6-beta.20260729205823|src/main/ets/image/CTImage.ts:172:14)
#146 pc 0000000000c10e98 /system/lib64/module/arkcompiler/stub.an(BuiltinStub_FunctionPrototypeCallStwCopy+1268)
#147 pc 0000000000d54c9c /system/lib64/module/arkcompiler/stub.an(BCStub_HandleCallthis2Imm8V8V8V8StwCopy+548)
#148 at viewPropertyHasChanged (/usr1/hmos_for_system/src/increment/sourcecode/out/generic_generic_arm_64only/general_all_phone_standard/obj/foundation/arkui/ace_engine/frameworks/bridge/declarative_frontend/stateMgmt.js:10269:1)
#149 at notifyPropertyHasChangedPU (/usr1/hmos_for_system/src/increment/sourcecode/out/generic_generic_arm_64only/general_all_phone_standard/obj/foundation/arkui/ace_engine/frameworks/bridge/declarative_frontend/stateMgmt.js:8084:1)
#150 at onTrackedObjectPropertyCompatModeHasChangedPU (/usr1/hmos_for_system/src/increment/sourcecode/out/generic_generic_arm_64only/general_all_phone_standard/obj/foundation/arkui/ace_engine/frameworks/bridge/declarative_frontend/stateMgmt.js:8329:1)
#151 at anonymous (/usr1/hmos_for_system/src/increment/sourcecode/out/generic_generic_arm_64only/general_all_phone_standard/obj/foundation/arkui/ace_engine/frameworks/bridge/declarative_frontend/stateMgmt.js:2602:1)
#152 pc 0000000000c04ee4 /system/lib64/module/arkcompiler/stub.an(BuiltinStub_SetForEachStwCopy+728)
#153 pc 0000000000cdeb94 /system/lib64/module/arkcompiler/stub.an(BCStub_HandleCallthis1Imm8V8V8StwCopy+536)
#154 at notifyObjectPropertyHasChanged (/usr1/hmos_for_system/src/increment/sourcecode/out/generic_generic_arm_64only/general_all_phone_standard/obj/foundation/arkui/ace_engine/frameworks/bridge/declarative_frontend/stateMgmt.js:2594:1)
#155 at set (/usr1/hmos_for_system/src/increment/sourcecode/out/generic_generic_arm_64only/general_all_phone_standard/obj/foundation/arkui/ace_engine/frameworks/bridge/declarative_frontend/stateMgmt.js:2746:1)
#156 pc 0000000000a9cbd4 /system/lib64/module/arkcompiler/stub.an(COStub_JSProxySetPropertyStwCopy+6568)
#157 pc 0000000000cf5cfc /system/lib64/module/arkcompiler/stub.an(BCStub_HandleStobjbynameImm8Id16V8StwCopy+6220)
#158 at configCommonParams (@ctcommon/ctimage|@ctcommon/ctimage|8.94.6-beta.20260729205823|src/main/ets/image/CTImage.ts:418:1)
#159 at configBeforeShow (@ctcommon/ctimage|@ctcommon/ctimage|8.94.6-beta.20260729205823|src/main/ets/image/CTImage.ts:390:14)
#160 at onImageOptionChange (@ctcommon/ctimage|@ctcommon/ctimage|8.94.6-beta.20260729205823|src/main/ets/image/CTImage.ts:172:14)
#161 pc 0000000000c10e98 /system/lib64/module/arkcompiler/stub.an(BuiltinStub_FunctionPrototypeCallStwCopy+1268)
#162 pc 0000000000d54c9c /system/lib64/module/arkcompiler/stub.an(BCStub_HandleCallthis2Imm8V8V8V8StwCopy+548)
#163 at viewPropertyHasChanged (/usr1/hmos_for_system/src/increment/sourcecode/out/generic_generic_arm_64only/general_all_phone_standard/obj/foundation/arkui/ace_engine/frameworks/bridge/declarative_frontend/stateMgmt.js:10269:1)
#164 at notifyPropertyHasChangedPU (/usr1/hmos_for_system/src/increment/sourcecode/out/generic_generic_arm_64only/general_all_phone_standard/obj/foundation/arkui/ace_engine/frameworks/bridge/declarative_frontend/stateMgmt.js:8084:1)
#165 at onTrackedObjectPropertyCompatModeHasChangedPU (/usr1/hmos_for_system/src/increment/sourcecode/out/generic_generic_arm_64only/general_all_phone_standard/obj/foundation/arkui/ace_engine/frameworks/bridge/declarative_frontend/stateMgmt.js:8329:1)
#166 at anonymous (/usr1/hmos_for_system/src/increment/sourcecode/out/generic_generic_arm_64only/general_all_phone_standard/obj/foundation/arkui/ace_engine/frameworks/bridge/declarative_frontend/stateMgmt.js:2602:1)
#167 pc 0000000000c04ee4 /system/lib64/module/arkcompiler/stub.an(BuiltinStub_SetForEachStwCopy+728)
#168 pc 0000000000cdeb94 /system/lib64/module/arkcompiler/stub.an(BCStub_HandleCallthis1Imm8V8V8StwCopy+536)
#169 at notifyObjectPropertyHasChanged (/usr1/hmos_for_system/src/increment/sourcecode/out/generic_generic_arm_64only/general_all_phone_standard/obj/foundation/arkui/ace_engine/frameworks/bridge/declarative_frontend/stateMgmt.js:2594:1)
#170 at set (/usr1/hmos_for_system/src/increment/sourcecode/out/generic_generic_arm_64only/general_all_phone_standard/obj/foundation/arkui/ace_engine/frameworks/bridge/declarative_frontend/stateMgmt.js:2746:1)
#171 pc 0000000000a9cbd4 /system/lib64/module/arkcompiler/stub.an(COStub_JSProxySetPropertyStwCopy+6568)
#172 pc 0000000000cf5cfc /system/lib64/module/arkcompiler/stub.an(BCStub_HandleStobjbynameImm8Id16V8StwCopy+6220)
#173 at transUrl (@ctcommon/ctimage|@ctcommon/ctimage|8.94.6-beta.20260729205823|src/main/ets/image/util/CTImageLoader.ts:54:1)
#174 at configCommonParams (@ctcommon/ctimage|@ctcommon/ctimage|8.94.6-beta.20260729205823|src/main/ets/image/CTImage.ts:421:27)
#175 at configBeforeShow (@ctcommon/ctimage|@ctcommon/ctimage|8.94.6-beta.20260729205823|src/main/ets/image/CTImage.ts:390:14)
#176 at onImageOptionChange (@ctcommon/ctimage|@ctcommon/ctimage|8.94.6-beta.20260729205823|src/main/ets/image/CTImage.ts:172:14)
#177 pc 0000000000c10e98 /system/lib64/module/arkcompiler/stub.an(BuiltinStub_FunctionPrototypeCallStwCopy+1268)
#178 pc 0000000000d54c9c /system/lib64/module/arkcompiler/stub.an(BCStub_HandleCallthis2Imm8V8V8V8StwCopy+548)
#179 at viewPropertyHasChanged (/usr1/hmos_for_system/src/increment/sourcecode/out/generic_generic_arm_64only/general_all_phone_standard/obj/foundation/arkui/ace_engine/frameworks/bridge/declarative_frontend/stateMgmt.js:10269:1)
#180 at notifyPropertyHasChangedPU (/usr1/hmos_for_system/src/increment/sourcecode/out/generic_generic_arm_64only/general_all_phone_standard/obj/foundation/arkui/ace_engine/frameworks/bridge/declarative_frontend/stateMgmt.js:8084:1)
#181 at onTrackedObjectPropertyCompatModeHasChangedPU (/usr1/hmos_for_system/src/increment/sourcecode/out/generic_generic_arm_64only/general_all_phone_standard/obj/foundation/arkui/ace_engine/frameworks/bridge/declarative_frontend/stateMgmt.js:8329:1)
#182 at anonymous (/usr1/hmos_for_system/src/increment/sourcecode/out/generic_generic_arm_64only/general_all_phone_standard/obj/foundation/arkui/ace_engine/frameworks/bridge/declarative_frontend/stateMgmt.js:2602:1)
#183 pc 0000000000c04ee4 /system/lib64/module/arkcompiler/stub.an(BuiltinStub_SetForEachStwCopy+728)
#184 pc 0000000000cdeb94 /system/lib64/module/arkcompiler/stub.an(BCStub_HandleCallthis1Imm8V8V8StwCopy+536)
#185 at notifyObjectPropertyHasChanged (/usr1/hmos_for_system/src/increment/sourcecode/out/generic_generic_arm_64only/general_all_phone_standard/obj/foundation/arkui/ace_engine/frameworks/bridge/declarative_frontend/stateMgmt.js:2594:1)
#186 at set (/usr1/hmos_for_system/src/increment/sourcecode/out/generic_generic_arm_64only/general_all_phone_standard/obj/foundation/arkui/ace_engine/frameworks/bridge/declarative_frontend/stateMgmt.js:2746:1)
#187 pc 0000000000a9cbd4 /system/lib64/module/arkcompiler/stub.an(COStub_JSProxySetPropertyStwCopy+6568)
#188 pc 0000000000cf5cfc /system/lib64/module/arkcompiler/stub.an(BCStub_HandleStobjbynameImm8Id16V8StwCopy+6220)
#189 at configCommonParams (@ctcommon/ctimage|@ctcommon/ctimage|8.94.6-beta.20260729205823|src/main/ets/image/CTImage.ts:418:1)
#190 at configBeforeShow (@ctcommon/ctimage|@ctcommon/ctimage|8.94.6-beta.20260729205823|src/main/ets/image/CTImage.ts:390:14)
#191 at onImageOptionChange (@ctcommon/ctimage|@ctcommon/ctimage|8.94.6-beta.20260729205823|src/main/ets/image/CTImage.ts:172:14)
#192 pc 0000000000c10e98 /system/lib64/module/arkcompiler/stub.an(BuiltinStub_FunctionPrototypeCallStwCopy+1268)
#193 pc 0000000000d54c9c /system/lib64/module/arkcompiler/stub.an(BCStub_HandleCallthis2Imm8V8V8V8StwCopy+548)
#194 at viewPropertyHasChanged (/usr1/hmos_for_system/src/increment/sourcecode/out/generic_generic_arm_64only/general_all_phone_standard/obj/foundation/arkui/ace_engine/frameworks/bridge/declarative_frontend/stateMgmt.js:10269:1)
#195 at notifyPropertyHasChangedPU (/usr1/hmos_for_system/src/increment/sourcecode/out/generic_generic_arm_64only/general_all_phone_standard/obj/foundation/arkui/ace_engine/frameworks/bridge/declarative_frontend/stateMgmt.js:8084:1)
#196 at onTrackedObjectPropertyCompatModeHasChangedPU (/usr1/hmos_for_system/src/increment/sourcecode/out/generic_generic_arm_64only/general_all_phone_standard/obj/foundation/arkui/ace_engine/frameworks/bridge/declarative_frontend/stateMgmt.js:8329:1)
#197 at anonymous (/usr1/hmos_for_system/src/increment/sourcecode/out/generic_generic_arm_64only/general_all_phone_standard/obj/foundation/arkui/ace_engine/frameworks/bridge/declarative_frontend/stateMgmt.js:2602:1)
#198 pc 0000000000c04ee4 /system/lib64/module/arkcompiler/stub.an(BuiltinStub_SetForEachStwCopy+728)
#199 pc 0000000000cdeb94 /system/lib64/module/arkcompiler/stub.an(BCStub_HandleCallthis1Imm8V8V8StwCopy+536)
#200 at notifyObjectPropertyHasChanged (/usr1/hmos_for_system/src/increment/sourcecode/out/generic_generic_arm_64only/general_all_phone_standard/obj/foundation/arkui/ace_engine/frameworks/bridge/declarative_frontend/stateMgmt.js:2594:1)
#201 at set (/usr1/hmos_for_system/src/increment/sourcecode/out/generic_generic_arm_64only/general_all_phone_standard/obj/foundation/arkui/ace_engine/frameworks/bridge/declarative_frontend/stateMgmt.js:2746:1)
#202 pc 0000000000a9cbd4 /system/lib64/module/arkcompiler/stub.an(COStub_JSProxySetPropertyStwCopy+6568)
#203 pc 0000000000cf5cfc /system/lib64/module/arkcompiler/stub.an(BCStub_HandleStobjbynameImm8Id16V8StwCopy+6220)
#204 at transUrl (@ctcommon/ctimage|@ctcommon/ctimage|8.94.6-beta.20260729205823|src/main/ets/image/util/CTImageLoader.ts:54:1)
#205 at configCommonParams (@ctcommon/ctimage|@ctcommon/ctimage|8.94.6-beta.20260729205823|src/main/ets/image/CTImage.ts:421:27)
#206 at configBeforeShow (@ctcommon/ctimage|@ctcommon/ctimage|8.94.6-beta.20260729205823|src/main/ets/image/CTImage.ts:390:14)
#207 at onImageOptionChange (@ctcommon/ctimage|@ctcommon/ctimage|8.94.6-beta.20260729205823|src/main/ets/image/CTImage.ts:172:14)
#208 pc 0000000000c10e98 /system/lib64/module/arkcompiler/stub.an(BuiltinStub_FunctionPrototypeCallStwCopy+1268)
#209 pc 0000000000d54c9c /system/lib64/module/arkcompiler/stub.an(BCStub_HandleCallthis2Imm8V8V8V8StwCopy+548)
#210 at viewPropertyHasChanged (/usr1/hmos_for_system/src/increment/sourcecode/out/generic_generic_arm_64only/general_all_phone_standard/obj/foundation/arkui/ace_engine/frameworks/bridge/declarative_frontend/stateMgmt.js:10269:1)
#211 at notifyPropertyHasChangedPU (/usr1/hmos_for_system/src/increment/sourcecode/out/generic_generic_arm_64only/general_all_phone_standard/obj/foundation/arkui/ace_engine/frameworks/bridge/declarative_frontend/stateMgmt.js:8084:1)
#212 at onTrackedObjectPropertyCompatModeHasChangedPU (/usr1/hmos_for_system/src/increment/sourcecode/out/generic_generic_arm_64only/general_all_phone_standard/obj/foundation/arkui/ace_engine/frameworks/bridge/declarative_frontend/stateMgmt.js:8329:1)
#213 at anonymous (/usr1/hmos_for_system/src/increment/sourcecode/out/generic_generic_arm_64only/general_all_phone_standard/obj/foundation/arkui/ace_engine/frameworks/bridge/declarative_frontend/stateMgmt.js:2602:1)
#214 pc 0000000000c04ee4 /system/lib64/module/arkcompiler/stub.an(BuiltinStub_SetForEachStwCopy+728)
#215 pc 0000000000cdeb94 /system/lib64/module/arkcompiler/stub.an(BCStub_HandleCallthis1Imm8V8V8StwCopy+536)
#216 at notifyObjectPropertyHasChanged (/usr1/hmos_for_system/src/increment/sourcecode/out/generic_generic_arm_64only/general_all_phone_standard/obj/foundation/arkui/ace_engine/frameworks/bridge/declarative_frontend/stateMgmt.js:2594:1)
#217 at set (/usr1/hmos_for_system/src/increment/sourcecode/out/generic_generic_arm_64only/general_all_phone_standard/obj/foundation/arkui/ace_engine/frameworks/bridge/declarative_frontend/stateMgmt.js:2746:1)
#218 pc 0000000000a9cbd4 /system/lib64/module/arkcompiler/stub.an(COStub_JSProxySetPropertyStwCopy+6568)
#219 pc 0000000000cf5cfc /system/lib64/module/arkcompiler/stub.an(BCStub_HandleStobjbynameImm8Id16V8StwCopy+6220)
#220 at configCommonParams (@ctcommon/ctimage|@ctcommon/ctimage|8.94.6-beta.20260729205823|src/main/ets/image/CTImage.ts:418:1)
#221 at configBeforeShow (@ctcommon/ctimage|@ctcommon/ctimage|8.94.6-beta.20260729205823|src/main/ets/image/CTImage.ts:390:14)
#222 at onImageOptionChange (@ctcommon/ctimage|@ctcommon/ctimage|8.94.6-beta.20260729205823|src/main/ets/image/CTImage.ts:172:14)
#223 pc 0000000000c10e98 /system/lib64/module/arkcompiler/stub.an(BuiltinStub_FunctionPrototypeCallStwCopy+1268)
#224 pc 0000000000d54c9c /system/lib64/module/arkcompiler/stub.an(BCStub_HandleCallthis2Imm8V8V8V8StwCopy+548)
#225 at viewPropertyHasChanged (/usr1/hmos_for_system/src/increment/sourcecode/out/generic_generic_arm_64only/general_all_phone_standard/obj/foundation/arkui/ace_engine/frameworks/bridge/declarative_frontend/stateMgmt.js:10269:1)
#226 at notifyPropertyHasChangedPU (/usr1/hmos_for_system/src/increment/sourcecode/out/generic_generic_arm_64only/general_all_phone_standard/obj/foundation/arkui/ace_engine/frameworks/bridge/declarative_frontend/stateMgmt.js:8084:1)
#227 at onTrackedObjectPropertyCompatModeHasChangedPU (/usr1/hmos_for_system/src/increment/sourcecode/out/generic_generic_arm_64only/general_all_phone_standard/obj/foundation/arkui/ace_engine/frameworks/bridge/declarative_frontend/stateMgmt.js:8329:1)
#228 at anonymous (/usr1/hmos_for_system/src/increment/sourcecode/out/generic_generic_arm_64only/general_all_phone_standard/obj/foundation/arkui/ace_engine/frameworks/bridge/declarative_frontend/stateMgmt.js:2602:1)
#229 pc 0000000000c04ee4 /system/lib64/module/arkcompiler/stub.an(BuiltinStub_SetForEachStwCopy+728)
#230 pc 0000000000cdeb94 /system/lib64/module/arkcompiler/stub.an(BCStub_HandleCallthis1Imm8V8V8StwCopy+536)
#231 at notifyObjectPropertyHasChanged (/usr1/hmos_for_system/src/increment/sourcecode/out/generic_generic_arm_64only/general_all_phone_standard/obj/foundation/arkui/ace_engine/frameworks/bridge/declarative_frontend/stateMgmt.js:2594:1)
#232 at set (/usr1/hmos_for_system/src/increment/sourcecode/out/generic_generic_arm_64only/general_all_phone_standard/obj/foundation/arkui/ace_engine/frameworks/bridge/declarative_frontend/stateMgmt.js:2746:1)
#233 pc 0000000000a9cbd4 /system/lib64/module/arkcompiler/stub.an(COStub_JSProxySetPropertyStwCopy+6568)
#234 pc 0000000000cf5cfc /system/lib64/module/arkcompiler/stub.an(BCStub_HandleStobjbynameImm8Id16V8StwCopy+6220)
#235 at transUrl (@ctcommon/ctimage|@ctcommon/ctimage|8.94.6-beta.20260729205823|src/main/ets/image/util/CTImageLoader.ts:54:1)
#236 at configCommonParams (@ctcommon/ctimage|@ctcommon/ctimage|8.94.6-beta.20260729205823|src/main/ets/image/CTImage.ts:421:27)
#237 at configBeforeShow (@ctcommon/ctimage|@ctcommon/ctimage|8.94.6-beta.20260729205823|src/main/ets/image/CTImage.ts:390:14)
#238 at onImageOptionChange (@ctcommon/ctimage|@ctcommon/ctimage|8.94.6-beta.20260729205823|src/main/ets/image/CTImage.ts:172:14)
#239 pc 0000000000c10e98 /system/lib64/module/arkcompiler/stub.an(BuiltinStub_FunctionPrototypeCallStwCopy+1268)
#240 pc 0000000000d54c9c /system/lib64/module/arkcompiler/stub.an(BCStub_HandleCallthis2Imm8V8V8V8StwCopy+548)
#241 at viewPropertyHasChanged (/usr1/hmos_for_system/src/increment/sourcecode/out/generic_generic_arm_64only/general_all_phone_standard/obj/foundation/arkui/ace_engine/frameworks/bridge/declarative_frontend/stateMgmt.js:10269:1)
#242 at notifyPropertyHasChangedPU (/usr1/hmos_for_system/src/increment/sourcecode/out/generic_generic_arm_64only/general_all_phone_standard/obj/foundation/arkui/ace_engine/frameworks/bridge/declarative_frontend/stateMgmt.js:8084:1)
#243 at onTrackedObjectPropertyCompatModeHasChangedPU (/usr1/hmos_for_system/src/increment/sourcecode/out/generic_generic_arm_64only/general_all_phone_standard/obj/foundation/arkui/ace_engine/frameworks/bridge/declarative_frontend/stateMgmt.js:8329:1)
#244 at anonymous (/usr1/hmos_for_system/src/increment/sourcecode/out/generic_generic_arm_64only/general_all_phone_standard/obj/foundation/arkui/ace_engine/frameworks/bridge/declarative_frontend/stateMgmt.js:2602:1)
#245 pc 0000000000c04ee4 /system/lib64/module/arkcompiler/stub.an(BuiltinStub_SetForEachStwCopy+728)
#246 pc 0000000000cdeb94 /system/lib64/module/arkcompiler/stub.an(BCStub_HandleCallthis1Imm8V8V8StwCopy+536)
#247 at notifyObjectPropertyHasChanged (/usr1/hmos_for_system/src/increment/sourcecode/out/generic_generic_arm_64only/general_all_phone_standard/obj/foundation/arkui/ace_engine/frameworks/bridge/declarative_frontend/stateMgmt.js:2594:1)
#248 at set (/usr1/hmos_for_system/src/increment/sourcecode/out/generic_generic_arm_64only/general_all_phone_standard/obj/foundation/arkui/ace_engine/frameworks/bridge/declarative_frontend/stateMgmt.js:2746:1)
#249 pc 0000000000a9cbd4 /system/lib64/module/arkcompiler/stub.an(COStub_JSProxySetPropertyStwCopy+6568)
#250 pc 0000000000cf5cfc /system/lib64/module/arkcompiler/stub.an(BCStub_HandleStobjbynameImm8Id16V8StwCopy+6220)
#251 at configCommonParams (@ctcommon/ctimage|@ctcommon/ctimage|8.94.6-beta.20260729205823|src/main/ets/image/CTImage.ts:418:1)
#252 at configBeforeShow (@ctcommon/ctimage|@ctcommon/ctimage|8.94.6-beta.20260729205823|src/main/ets/image/CTImage.ts:390:14)
#253 at onImageOptionChange (@ctcommon/ctimage|@ctcommon/ctimage|8.94.6-beta.20260729205823|src/main/ets/image/CTImage.ts:172:14)
#254 pc 0000000000c10e98 /system/lib64/module/arkcompiler/stub.an(BuiltinStub_FunctionPrototypeCallStwCopy+1268)
#255 pc 0000000000d54c9c /system/lib64/module/arkcompiler/stub.an(BCStub_HandleCallthis2Imm8V8V8V8StwCopy+548)

HiLog:
08-06 17:55:00.472 16782 16782 I C03900/com.ctrip.harmonynext/ARKTS-INTEROP: ArkTsValuetoNapiValue start
08-06 17:55:00.472 16782 16782 I C03900/com.ctrip.harmonynext/ARKTS-INTEROP: IsStageMode start
08-06 17:55:00.472 16782 16782 I C03900/com.ctrip.harmonynext/ARKTS-INTEROP: IsStageMode true
08-06 17:55:00.472 16782 16782 I C03900/com.ctrip.harmonynext/ARKTS-INTEROP: GetContextStageMode start
08-06 17:55:00.472 16782 16782 I C03900/com.ctrip.harmonynext/ARKTS-INTEROP: GetContextStageMode success
08-06 17:55:00.472 16782 16782 I C03900/com.ctrip.harmonynext/ARKTS-INTEROP: ArkTsValuetoNapiValue start
08-06 17:55:00.472 16782 16782 I C03900/com.ctrip.harmonynext/ARKTS-INTEROP: IsStageMode start
08-06 17:55:00.472 16782 16782 I C03900/com.ctrip.harmonynext/ARKTS-INTEROP: IsStageMode true
08-06 17:55:00.472 16782 16782 I C03900/com.ctrip.harmonynext/ARKTS-INTEROP: GetContextStageMode start
08-06 17:55:00.472 16782 16782 I C03900/com.ctrip.harmonynext/ARKTS-INTEROP: GetContextStageMode success
08-06 17:55:00.473 16782 17135 I C0393A/com.ctrip.harmonynext/DownloadManager: [(100000:100000:scope)] DownloadManager GetInstance
08-06 17:55:00.473 16782 17135 I C01C50/com.ctrip.harmonynext/PreloadNative: apply ram 768 for cbdbdc7511b531eb
08-06 17:55:00.473 16782 17135 I C02B61/com.ctrip.harmonynext/ImageSource: CreatePixelMap success, id:1786010100473570,dSize:(0,0),srcSize: (42,42),dHdr:1,sHdr:1,memType: 4,cost 297 us
08-06 17:55:00.473 16782 16810 I C02B61/com.ctrip.harmonynext/ImageSource: CreatePixelMap success, id:1786010100473515,dSize:(0,0),srcSize: (48,48),dHdr:1,sHdr:1,memType: 4,cost 397 us
08-06 17:55:00.474 16782 17134 I C02B61/com.ctrip.harmonynext/ImageSource: CreatePixelMap success, id:1786010100473773,dSize:(0,0),srcSize: (60,60),dHdr:1,sHdr:1,memType: 4,cost 312 us
08-06 17:55:00.475 16782 17136 I C02B61/com.ctrip.harmonynext/ImageSource: CreatePixelMap success, id:1786010100473427,dSize:(0,0),srcSize: (513,684),dHdr:1,sHdr:1,memType: 4,cost 2104 us
08-06 17:55:00.482 16782 16782 I C02D06/com.ctrip.harmonynext/XCollie: Application is in starting period.
08-06 17:55:00.482 16782 16782 I A03D00/com.ctrip.harmonynext/JSAPP: StandardDatabase execSQL done.
08-06 17:55:00.483 16782 17136 I C02B61/com.ctrip.harmonynext/ImageSource: CreatePixelMap success, id:1786010100482262,dSize:(0,0),srcSize: (228,48),dHdr:1,sHdr:1,memType: 4,cost 730 us
08-06 17:55:00.483 16782 16782 I A04510/com.ctrip.harmonynext/chromium: [../../ohos_nweb_ex/core/arkweb/nweb_extension_manager_delegate_impl.cc:168] NWebExtensionManagerDelegateImpl::OnExtensionInitLoadEndCallBack
08-06 17:55:00.483 16782 16782 I A04510/com.ctrip.harmonynext/chromium: [../../ohos_nweb_ex/core/arkweb/nweb_extension_manager_delegate_impl.cc:170] callback member callback_ is nullptr
08-06 17:55:00.483 16782 17134 I C02B61/com.ctrip.harmonynext/ImageSource: CreatePixelMap success, id:1786010100482323,dSize:(0,0),srcSize: (84,84),dHdr:1,sHdr:1,memType: 4,cost 785 us
08-06 17:55:00.483 16782 16810 I C02B61/com.ctrip.harmonynext/ImageSource: CreatePixelMap success, id:1786010100482281,dSize:(198,171),srcSize: (198,171),dHdr:1,sHdr:1,memType: 4,cost 842 us
08-06 17:55:00.483 16782 17135 I C02B61/com.ctrip.harmonynext/ImageSource: CreatePixelMap success, id:1786010100482382,dSize:(198,171),srcSize: (198,171),dHdr:1,sHdr:1,memType: 4,cost 656 us
08-06 17:55:00.483 16782 17118 I C02B61/com.ctrip.harmonynext/ImageSource: CreatePixelMap success, id:1786010100482915,dSize:(0,0),srcSize: (84,84),dHdr:1,sHdr:1,memType: 4,cost 407 us
08-06 17:55:00.483 16782 16782 I A04510/com.ctrip.harmonynext/chromium: [../../arkweb/chromium_ext/ui/ozone/platform/headless/headless_screen_ohos.cc:318] HeadlessScreenOhos::FetchDisplays::default_id: 0
08-06 17:55:00.483 16782 16782 I A04510/com.ctrip.harmonynext/chromium: [../../arkweb/chromium_ext/ui/ozone/platform/headless/headless_screen_ohos.cc:324] HeadlessScreenOhos::FetchDisplays::primary_id: 0
08-06 17:55:00.483 16782 17138 I C02B61/com.ctrip.harmonynext/ImageSource: CreatePixelMap success, id:1786010100483086,dSize:(0,0),srcSize: (84,84),dHdr:1,sHdr:1,memType: 4,cost 450 us
08-06 17:55:00.483 16782 16782 I A04510/com.ctrip.harmonynext/chromium: [../../arkweb/chromium_ext/ui/ozone/platform/headless/headless_screen_ohos.cc:353] HeadlessScreenOhos::FetchDisplays::display_list: 0
08-06 17:55:00.483 16782 16812 I C02B61/com.ctrip.harmonynext/ImageSource: CreatePixelMap success, id:1786010100482942,dSize:(198,171),srcSize: (198,171),dHdr:1,sHdr:1,memType: 4,cost 904 us
08-06 17:55:00.483 16782 17135 I C02B61/com.ctrip.harmonynext/ImageSource: CreatePixelMap success, id:1786010100483546,dSize:(0,0),srcSize: (84,84),dHdr:1,sHdr:1,memType: 4,cost 393 us
08-06 17:55:00.484 16782 17137 I C02B61/com.ctrip.harmonynext/ImageSource: CreatePixelMap success, id:1786010100483311,dSize:(198,171),srcSize: (198,171),dHdr:1,sHdr:1,memType: 4,cost 823 us
08-06 17:55:00.484 16782 17135 I C02B61/com.ctrip.harmonynext/ImageSource: CreatePixelMap success, id:1786010100484184,dSize:(0,0),srcSize: (84,84),dHdr:1,sHdr:1,memType: 4,cost 417 us
08-06 17:55:00.484 16782 17138 I C02B61/com.ctrip.harmonynext/ImageSource: CreatePixelMap success, id:1786010100483954,dSize:(198,171),srcSize: (198,171),dHdr:1,sHdr:1,memType: 4,cost 652 us
08-06 17:55:00.484 16782 17134 I C02B61/com.ctrip.harmonynext/ImageSource: CreatePixelMap success, id:1786010100484087,dSize:(0,0),srcSize: (84,84),dHdr:1,sHdr:1,memType: 4,cost 527 us
08-06 17:55:00.484 16782 16812 I C02B61/com.ctrip.harmonynext/ImageSource: CreatePixelMap success, id:1786010100484178,dSize:(0,0),srcSize: (83,84),dHdr:1,sHdr:1,memType: 4,cost 455 us
08-06 17:55:00.484 16782 17213 I C02B61/com.ctrip.harmonynext/ImageSource: CreatePixelMap success, id:1786010100484014,dSize:(0,0),srcSize: (84,84),dHdr:1,sHdr:1,memType: 4,cost 601 us
08-06 17:55:00.485 16782 17211 I C02B61/com.ctrip.harmonynext/ImageSource: CreatePixelMap success, id:1786010100484251,dSize:(0,0),srcSize: (84,84),dHdr:1,sHdr:1,memType: 4,cost 713 us
08-06 17:55:00.485 16782 16812 I C02B61/com.ctrip.harmonynext/ImageSource: CreatePixelMap success, id:1786010100484789,dSize:(0,0),srcSize: (54,54),dHdr:1,sHdr:1,memType: 4,cost 420 us
08-06 17:55:00.485 16782 17138 I C02B61/com.ctrip.harmonynext/ImageSource: CreatePixelMap success, id:1786010100484909,dSize:(0,0),srcSize: (60,60),dHdr:1,sHdr:1,memType: 4,cost 381 us
08-06 17:55:00.485 16782 17136 I C02B61/com.ctrip.harmonynext/ImageSource: CreatePixelMap success, id:1786010100484900,dSize:(0,0),srcSize: (84,84),dHdr:1,sHdr:1,memType: 4,cost 424 us
08-06 17:55:00.485 16782 17118 I C02B61/com.ctrip.harmonynext/ImageSource: CreatePixelMap success, id:1786010100484913,dSize:(0,0),srcSize: (84,84),dHdr:1,sHdr:1,memType: 4,cost 426 us
08-06 17:55:00.485 16782 17214 I C02B61/com.ctrip.harmonynext/ImageSource: CreatePixelMap success, id:1786010100484310,dSize:(0,0),srcSize: (84,84),dHdr:1,sHdr:1,memType: 4,cost 890 us
08-06 17:55:00.485 16782 16812 I C02B61/com.ctrip.harmonynext/ImageSource: CreatePixelMap success, id:1786010100485447,dSize:(0,0),srcSize: (84,84),dHdr:1,sHdr:1,memType: 4,cost 376 us
08-06 17:55:00.485 16782 17138 I C02B61/com.ctrip.harmonynext/ImageSource: CreatePixelMap success, id:1786010100485520,dSize:(0,0),srcSize: (84,84),dHdr:1,sHdr:1,memType: 4,cost 395 us
08-06 17:55:00.486 16782 17136 I C02B61/com.ctrip.harmonynext/ImageSource: CreatePixelMap success, id:1786010100485568,dSize:(0,0),srcSize: (84,84),dHdr:1,sHdr:1,memType: 4,cost 437 us
08-06 17:55:00.486 16782 17136 I C02B61/com.ctrip.harmonynext/ImageSource: CreatePixelMap success, id:1786010100486264,dSize:(0,0),srcSize: (66,36),dHdr:1,sHdr:1,memType: 4,cost 300 us
08-06 17:55:00.486 16782 16782 I A03D00/com.ctrip.harmonynext/JSAPP: StandardDatabase execSQL done.
08-06 17:55:00.488 16782 16782 I A03D00/com.ctrip.harmonynext/JSAPP: StandardDatabase execSQL done.
08-06 17:55:00.488 16782 17058 I C04500/com.ctrip.harmonynext/SafeBrowsingService: [cloud control] succeed to init safe browsing CloudControl client.
08-06 17:55:00.488 16782 17058 I C04500/com.ctrip.harmonynext/SafeBrowsingService: [cloud control] GetConfigFilePathByType, type is -1
08-06 17:55:00.489 16782 17213 W C02B60/com.ctrip.harmonynext/AvifDecoderImpl: InitFrameInfo width : 48, height : 48
08-06 17:55:00.489 16782 17136 W C02B60/com.ctrip.harmonynext/AvifDecoderImpl: InitFrameInfo width : 48, height : 48
08-06 17:55:00.489 16782 17137 W C02B60/com.ctrip.harmonynext/AvifDecoderImpl: InitFrameInfo width : 48, height : 48
08-06 17:55:00.489 16782 17058 I C04500/com.ctrip.harmonynext/SafeBrowsingService: [cloud control] GetConfigFilePathByType, type is -1
08-06 17:55:00.489 16782 17211 W C02B60/com.ctrip.harmonynext/AvifDecoderImpl: InitFrameInfo width : 48, height : 48
08-06 17:55:00.489 16782 17058 I A04510/com.ctrip.harmonynext/chromium: [../../ohos_nweb_ex/overrides/ohos_nweb/src/cef_delegate/cloud_control_config/nweb_safe_browsing_cloud_control_config.cc:202] [cloud control] changed_config_list_cache is not exist:/data/service/el0/public/for-all-app/arkweb-config/7.0/changed_config_list_cache
08-06 17:55:00.489 16782 17058 I C04500/com.ctrip.harmonynext/SafeBrowsingService: [cloud control] GetConfigFilePathByType, type is 2
08-06 17:55:00.489 16782 17058 I C04500/com.ctrip.harmonynext/SafeBrowsingService: [cloud control] GetConfigFilePathByType, type is 2
08-06 17:55:00.489 16782 17058 I C04500/com.ctrip.harmonynext/SafeBrowsingService: [cloud control] begin to check CloudControl update V2, req id is -1
08-06 17:55:00.490 16782 17058 I C04500/com.ctrip.harmonynext/SafeBrowsingService: succeed to check system ability 66234
08-06 17:55:00.490 16782 17058 I C04500/com.ctrip.harmonynext/SafeBrowsingService: succeed to add recipient
08-06 17:55:00.490 16782 17058 I C04500/com.ctrip.harmonynext/SafeBrowsingService: [cloud control] begin to send detection message V2, req id is -1
08-06 17:55:00.491 16782 16782 I A03D00/com.ctrip.harmonynext/JSAPP: StandardDatabase execSQL done.
08-06 17:55:00.491 16782 17137 I C02B61/com.ctrip.harmonynext/ImageSource: CreatePixelMap success, id:1786010100488996,dSize:(0,0),srcSize: (48,48),dHdr:1,sHdr:1,memType: 4,cost 2058 us
08-06 17:55:00.491 16782 17211 I C02B61/com.ctrip.harmonynext/ImageSource: CreatePixelMap success, id:1786010100489079,dSize:(0,0),srcSize: (48,48),dHdr:1,sHdr:1,memType: 4,cost 2055 us
08-06 17:55:00.491 16782 17136 I C02B61/com.ctrip.harmonynext/ImageSource: CreatePixelMap success, id:1786010100489047,dSize:(0,0),srcSize: (48,48),dHdr:1,sHdr:1,memType: 4,cost 2155 us
08-06 17:55:00.491 16782 17213 I C02B61/com.ctrip.harmonynext/ImageSource: CreatePixelMap success, id:1786010100489012,dSize:(0,0),srcSize: (48,48),dHdr:1,sHdr:1,memType: 4,cost 2179 us
08-06 17:55:00.491 16782 16807 I C04500/com.ctrip.harmonynext/SafeBrowsingService: [cloud control] succeed to recv cloud control update, req id is -1
08-06 17:55:00.491 16782 16807 I C04500/com.ctrip.harmonynext/SafeBrowsingService: [cloud control] HandleCloudControlConfigUpdateResultV2:: type: pushglobalconfig
08-06 17:55:00.491 16782 16807 I C04500/com.ctrip.harmonynext/SafeBrowsingService: [cloud control] HandleCloudControlConfigUpdateResultV2 called.
08-06 17:55:00.492 16782 16782 I A03D00/com.ctrip.harmonynext/JSAPP: StandardDatabase execSQL done.
08-06 17:55:00.496 16782 16782 I C03900/com.ctrip.harmonynext/ARKTS-INTEROP: ArkTsValuetoNapiValue start
08-06 17:55:00.496 16782 16782 I C03900/com.ctrip.harmonynext/ARKTS-INTEROP: IsStageMode start
08-06 17:55:00.496 16782 16782 I C03900/com.ctrip.harmonynext/ARKTS-INTEROP: IsStageMode true
08-06 17:55:00.496 16782 16782 I C03900/com.ctrip.harmonynext/ARKTS-INTEROP: GetContextStageMode start
08-06 17:55:00.496 16782 16782 I C03900/com.ctrip.harmonynext/ARKTS-INTEROP: GetContextStageMode success
08-06 17:55:00.497 16782 16782 I C03900/com.ctrip.harmonynext/ARKTS-INTEROP: ArkTsValuetoNapiValue start
08-06 17:55:00.497 16782 16782 I C03900/com.ctrip.harmonynext/ARKTS-INTEROP: IsStageMode start
08-06 17:55:00.497 16782 16782 I C03900/com.ctrip.harmonynext/ARKTS-INTEROP: IsStageMode true
08-06 17:55:00.497 16782 16782 I C03900/com.ctrip.harmonynext/ARKTS-INTEROP: GetContextStageMode start
08-06 17:55:00.497 16782 16782 I C03900/com.ctrip.harmonynext/ARKTS-INTEROP: GetContextStageMode success
08-06 17:55:00.497 16782 17213 I C0393A/com.ctrip.harmonynext/DownloadManager: [(100000:100000:scope)] DownloadManager GetInstance
08-06 17:55:00.498 16782 17213 I C01C50/com.ctrip.harmonynext/PreloadNative: apply ram 67260 for 6221486c021fe837
08-06 17:55:00.526 16782 16782 E C03F00/com.ctrip.harmonynext/ArkCompiler: [ecmascript] Stack overflow! current:541237106816 limit:541237106992 current frame: 0x7e043ed8d0
08-06 17:55:00.528 16782 16782 W C03F00/com.ctrip.harmonynext/ArkCompiler: [default] [Call] occur exception need return
08-06 17:55:00.528 16782 16782 E C03F00/com.ctrip.harmonynext/ArkCompiler: [ecmascript] Pending exception before ExecutePendingJob called, in line:6288, exception details as follows:
08-06 17:55:00.528 16782 16782 E C03F00/com.ctrip.harmonynext/ArkCompiler: RangeError: Stack overflow!
08-06 17:55:00.528 16782 16782 E C03F00/com.ctrip.harmonynext/ArkCompiler: Cannot get SourceMap info, dump raw stack:
08-06 17:55:00.528 16782 16782 E C03F00/com.ctrip.harmonynext/ArkCompiler:     at xlgEnable (@ctcommon/ctfoundation|@ctcommon/ctfoundation|8.94.6-beta.20260727152537|src/main/ets/utils/LogUtil.ts:63:1)
08-06 17:55:00.528 16782 16782 E C03F00/com.ctrip.harmonynext/ArkCompiler:     at isCanShowLog (@ctcommon/ctfoundation|@ctcommon/ctfoundation|8.94.6-beta.20260727152537|src/main/ets/utils/LogUtil.ts:47:45)
08-06 17:55:00.528 16782 16782 E C03F00/com.ctrip.harmonynext/ArkCompiler:     at canPrintConsole (@ctcommon/ctfoundation|@ctcommon/ctfoundation|8.94.6-beta.20260727152537|src/main/ets/utils/LogUtil.ts:126:46)
08-06 17:55:00.528 16782 16782 E C03F00/com.ctrip.harmonynext/ArkCompiler:     at printConsole (@ctcommon/ctfoundation|@ctcommon/ctfoundation|8.94.6-beta.20260727152537|src/main/ets/utils/LogUtil.ts:98:21)
08-06 17:55:00.528 16782 16782 E C03F00/com.ctrip.harmonynext/ArkCompiler:     at debug (@ctcommon/ctfoundation|@ctcommon/ctfoundation|8.94.6-beta.20260727152537|src/main/ets/utils/LogUtil.ts:65:1)
08-06 17:55:00.528 16782 16782 E C03F00/com.ctrip.harmonynext/ArkCompiler:     at initMCDHosts (@ctcommon/ctimage|@ctcommon/ctimage|8.94.6-beta.20260729205823|src/main/ets/image/util/CTImageLoaderUrlTransSupportUtil.ts:109:17)
08-06 17:55:00.528 16782 16782 E C03F00/com.ctrip.harmonynext/ArkCompiler:     at getTransHostList (@ctcommon/ctimage|@ctcommon/ctimage|8.94.6-beta.20260729205823|src/main/ets/image/util/CTImageLoaderUrlTransSupportUtil.ts:50:42)
08-06 17:55:00.528 16782 16782 E C03F00/com.ctrip.harmonynext/ArkCompiler:     at isUrlHostSupportTrans (@ctcommon/ctimage|@ctcommon/ctimage|8.94.6-beta.20260729205823|src/main/ets/image/util/CTImageLoaderUrlTransSupportUtil.ts:17:75)
08-06 17:55:00.528 16782 16782 E C03F00/com.ctrip.harmonynext/ArkCompiler:     at isSupportAvifUrl (@ctcommon/ctimage|@ctcommon/ctimage|8.94.6-beta.20260729205823|src/main/ets/image/util/CTAVifSupportUtils.ts:106:46)
08-06 17:55:00.528 16782 16782 E C03F00/com.ctrip.harmonynext/ArkCompiler:     at getAvifUrlMaybeNull (@ctcommon/ctimage|@ctcommon/ctimage|8.94.6-beta.20260729205823|src/main/ets/image/util/CTAVifSupportUtils.ts:24:32)
08-06 17:55:00.528 16782 16782 E C03F00/com.ctrip.harmonynext/ArkCompiler:     at transUrl (@ctcommon/ctimage|@ctcommon/ctimage|8.94.6-beta.20260729205823|src/main/ets/image/util/CTImageUrlTransUtil.ts:28:38)
08-06 17:55:00.528 16782 16782 E C03F00/com.ctrip.harmonynext/ArkCompiler:     at transUrl (@ctcommon/ctimage|@ctcommon/ctimage|8.94.6-beta.20260729205823|src/main/ets/image/util/CTImageLoader.ts:46:43)
08-06 17:55:00.528 16782 16782 E C03F00/com.ctrip.harmonynext/ArkCompiler:     at configCommonParams (@ctcommon/ctimage|@ctcommon/ctimage|8.94.6-beta.20260729205823|src/main/ets/image/CTImage.ts:421:27)
08-06 17:55:00.528 16782 16782 E C03F00/com.ctrip.harmonynext/ArkCompiler:     at configBeforeShow (@ctcommon/ctimage|@ctcommon/ctimage|8.94.6-beta.20260729205823|src/main/ets/image/CTImage.ts:390:14)
08-06 17:55:00.528 16782 16782 E C03F00/com.ctrip.harmonynext/ArkCompiler:     at onImageOptionChange (@ctcommon/ctimage|@ctcommon/ctimage|8.94.6-beta.20260729205823|src/main/ets/image/CTImage.ts:172:14)
08-06 17:55:00.528 16782 16782 E C03F00/com.ctrip.harmonynext/ArkCompiler:     at viewPropertyHasChanged (/usr1/hmos_for_system/src/increment/sourcecode/out/generic_generic_arm_64only/general_all_phone_standard/obj/foundation/arkui/ace_engine/frameworks/bridge/declarative_frontend/stateMgmt.js:10269:1)
08-06 17:55:00.528 16782 16782 E C03F00/com.ctrip.harmonynext/ArkCompiler:     at notifyPropertyHasChangedPU (/usr1/hmos_for_system/src/increment/sourcecode/out/generic_generic_arm_64only/general_all_phone_standard/obj/foundation/arkui/ace_engine/frameworks/bridge/declarative_frontend/stateMgmt.js:8084:1)
08-06 17:55:00.528 16782 16782 E C03F00/com.ctrip.harmonynext/ArkCompiler:     at onTrackedObjectPropertyCompatModeHasChangedPU (/usr1/hmos_for_system/src/increment/sourcecode/out/generic_generic_arm_64only/general_all_phone_standard/obj/foundation/arkui/ace_engine/frameworks/bridge/declarative_frontend/stateMgmt.js:8329:1)
08-06 17:55:00.528 16782 16782 E C03F00/com.ctrip.harmonynext/ArkCompiler:     at anonymous (/usr1/hmos_for_system/src/increment/sourcecode/out/generic_generic_arm_64only/general_all_phone_standard/obj/foundation/arkui/ace_engine/frameworks/bridge/declarative_frontend/stateMgmt.js:2602:1)
08-06 17:55:00.528 16782 16782 E C03F00/com.ctrip.harmonynext/ArkCompiler:     at notifyObjectPropertyHasChanged (/usr1/hmos_for_system/src/increment/sourcecode/out/generic_generic_arm_64only/general_all_phone_standard/obj/foundation/arkui/ace_engine/frameworks/bridge/declarative_frontend/stateMgmt.js:2594:1)
08-06 17:55:00.528 16782 16782 E C03F00/com.ctrip.harmonynext/ArkCompiler:     at set (/usr1/hmos_for_system/src/increment/sourcecode/out/generic_generic_arm_64only/general_all_phone_standard/obj/foundation/arkui/ace_engine/frameworks/bridge/declarative_frontend/stateMgmt.js:2746:1)
08-06 17:55:00.528 16782 16782 E C03F00/com.ctrip.harmonynext/ArkCompiler:     at configCommonParams (@ctcommon/ctimage|@ctcommon/ctimage|8.94.6-beta.20260729205823|src/main/ets/image/CTImage.ts:418:1)
08-06 17:55:00.528 16782 16782 E C03F00/com.ctrip.harmonynext/ArkCompiler:     at configBeforeShow (@ctcommon/ctimage|@ctcommon/ctimage|8.94.6-beta.20260729205823|src/main/ets/image/CTImage.ts:390:14)
08-06 17:55:00.528 16782 16782 E C03F00/com.ctrip.harmonynext/ArkCompiler:     at onImageOptionChange (@ctcommon/ctimage|@ctcommon/ctimage|8.94.6-beta.20260729205823|src/main/ets/image/CTImage.ts:172:14)
08-06 17:55:00.528 16782 16782 E C03F00/com.ctrip.harmonynext/ArkCompiler:     at viewPropertyHasChanged (/usr1/hmos_for_system/src/increment/sourcecode/out/generic_generic_arm_64only/general_all_phone_standard/obj/foundation/arkui/ace_engine/frameworks/bridge/declarative_frontend/stateMgmt.js:10269
08-06 17:55:00.528 16782 16782 W C03900/com.ctrip.harmonynext/Ace: [(100000:100000:scope)] after call jsFunction hasError, empty: 0, caught: 1
08-06 17:55:00.528 16782 16782 E C01320/com.ctrip.harmonynext/JsEnv: [source_map.cpp500]stageMode sourceMaps find fail
08-06 17:55:00.528 16782 16782 E C01320/com.ctrip.harmonynext/JsEnv: [source_map.cpp500]stageMode sourceMaps find fail
08-06 17:55:00.528 16782 16782 E C01320/com.ctrip.harmonynext/JsEnv: [source_map.cpp500]stageMode sourceMaps find fail
08-06 17:55:00.528 16782 16782 E C01320/com.ctrip.harmonynext/JsEnv: [source_map.cpp500]stageMode sourceMaps find fail
08-06 17:55:00.528 16782 16782 E C01320/com.ctrip.harmonynext/JsEnv: [source_map.cpp500]stageMode sourceMaps find fail
08-06 17:55:00.528 16782 16782 E C01320/com.ctrip.harmonynext/JsEnv: [source_map.cpp500]stageMode sourceMaps find fail
08-06 17:55:00.528 16782 16782 E C01320/com.ctrip.harmonynext/JsEnv: [source_map.cpp500]stageMode sourceMaps find fail
08-06 17:55:00.528 16782 16782 E C01320/com.ctrip.harmonynext/JsEnv: [source_map.cpp500]stageMode sourceMaps find fail
08-06 17:55:00.528 16782 16782 E C01320/com.ctrip.harmonynext/JsEnv: [source_map.cpp500]stageMode sourceMaps find fail
08-06 17:55:00.528 16782 16782 E C01320/com.ctrip.harmonynext/JsEnv: [source_map.cpp500]stageMode sourceMaps find fail
08-06 17:55:00.528 16782 16782 E C01320/com.ctrip.harmonynext/JsEnv: [source_map.cpp500]stageMode sourceMaps find fail
08-06 17:55:00.528 16782 16782 E C01320/com.ctrip.harmonynext/JsEnv: [source_map.cpp500]stageMode sourceMaps find fail
08-06 17:55:00.528 16782 16782 E C01320/com.ctrip.harmonynext/JsEnv: [source_map.cpp500]stageMode sourceMaps find fail
08-06 17:55:00.528 16782 16782 E C01320/com.ctrip.harmonynext/JsEnv: [source_map.cpp500]stageMode sourceMaps find fail
08-06 17:55:00.528 16782 16782 E C01320/com.ctrip.harmonynext/JsEnv: [source_map.cpp500]stageMode sourceMaps find fail
08-06 17:55:00.528 16782 16782 E C01320/com.ctrip.harmonynext/JsEnv: [source_map.cpp500]stageMode sourceMaps find fail
08-06 17:55:00.528 16782 16782 E C01320/com.ctrip.harmonynext/JsEnv: [source_map.cpp500]stageMode sourceMaps find fail
08-06 17:55:00.528 16782 16782 E C01320/com.ctrip.harmonynext/JsEnv: [source_map.cpp500]stageMode sourceMaps find fail
08-06 17:55:00.528 16782 16782 E C01320/com.ctrip.harmonynext/JsEnv: [source_map.cpp500]stageMode sourceMaps find fail
08-06 17:55:00.528 16782 16782 E C01320/com.ctrip.harmonynext/JsEnv: [source_map.cpp500]stageMode sourceMaps find fail
08-06 17:55:00.528 16782 16782 E C01320/com.ctrip.harmonynext/JsEnv: [source_map.cpp500]stageMode sourceMaps find fail
08-06 17:55:00.528 16782 16782 E C01320/com.ctrip.harmonynext/JsEnv: [source_map.cpp500]stageMode sourceMaps find fail
08-06 17:55:00.528 16782 16782 E C01320/com.ctrip.harmonynext/JsEnv: [source_map.cpp500]stageMode sourceMaps find fail
08-06 17:55:00.528 16782 16782 E C01320/com.ctrip.harmonynext/JsEnv: [source_map.cpp500]stageMode sourceMaps find fail
08-06 17:55:00.528 16782 16782 E C01320/com.ctrip.harmonynext/JsEnv: [source_map.cpp500]stageMode sourceMaps find fail
08-06 17:55:00.528 16782 16782 E C01320/com.ctrip.harmonynext/JsEnv: [source_map.cpp500]stageMode sourceMaps find fail
08-06 17:55:00.528 16782 16782 E C01320/com.ctrip.harmonynext/JsEnv: [source_map.cpp500]stageMode sourceMaps find fail
08-06 17:55:00.528 16782 16782 E C01320/com.ctrip.harmonynext/JsEnv: [source_map.cpp500]stageMode sourceMaps find fail
08-06 17:55:00.528 16782 16782 E C01320/com.ctrip.harmonynext/JsEnv: [source_map.cpp500]stageMode sourceMaps find fail
08-06 17:55:00.528 16782 16782 E C01320/com.ctrip.harmonynext/JsEnv: [source_map.cpp500]stageMode sourceMaps find fail
08-06 17:55:00.528 16782 16782 E C01320/com.ctrip.harmonynext/JsEnv: [source_map.cpp500]stageMode sourceMaps find fail
08-06 17:55:00.528 16782 16782 E C01320/com.ctrip.harmonynext/JsEnv: [source_map.cpp500]stageMode sourceMaps find fail
08-06 17:55:00.528 16782 16782 E C01320/com.ctrip.harmonynext/JsEnv: [source_map.cpp500]stageMode sourceMaps find fail
08-06 17:55:00.528 16782 16782 E C01320/com.ctrip.harmonynext/JsEnv: [source_map.cpp500]stageMode sourceMaps find fail
08-06 17:55:00.528 16782 16782 E C01320/com.ctrip.harmonynext/JsEnv: [source_map.cpp500]stageMode sourceMaps find fail
08-06 17:55:00.528 16782 16782 E C01320/com.ctrip.harmonynext/JsEnv: [source_map.cpp500]stageMode sourceMaps find fail
08-06 17:55:00.528 16782 16782 E C01320/com.ctrip.harmonynext/JsEnv: [source_map.cpp500]stageMode sourceMaps find fail
08-06 17:55:00.528 16782 16782 E C01320/com.ctrip.harmonynext/JsEnv: [source_map.cpp500]stageMode sourceMaps find fail
08-06 17:55:00.528 16782 16782 E C01320/com.ctrip.harmonynext/JsEnv: [source_map.cpp500]stageMode sourceMaps find fail
08-06 17:55:00.528 16782 16782 E C01320/com.ctrip.harmonynext/JsEnv: [source_map.cpp500]stageMode sourceMaps find fail
08-06 17:55:00.528 16782 16782 E C01320/com.ctrip.harmonynext/JsEnv: [source_map.cpp500]stageMode sourceMaps find fail
08-06 17:55:00.528 16782 16782 E C01320/com.ctrip.harmonynext/JsEnv: [source_map.cpp500]stageMode sourceMaps find fail
08-06 17:55:00.528 16782 16782 E C01320/com.ctrip.harmonynext/JsEnv: [source_map.cpp500]stageMode sourceMaps find fail
08-06 17:55:00.528 16782 16782 E C01320/com.ctrip.harmonynext/JsEnv: [source_map.cpp500]stageMode sourceMaps find fail
08-06 17:55:00.528 16782 16782 E C01320/com.ctrip.harmonynext/JsEnv: [source_map.cpp500]stageMode sourceMaps find fail
08-06 17:55:00.528 16782 16782 E C01320/com.ctrip.harmonynext/JsEnv: [source_map.cpp500]stageMode sourceMaps find fail
08-06 17:55:00.528 16782 16782 E C01320/com.ctrip.harmonynext/JsEnv: [source_map.cpp500]stageMode sourceMaps find fail
08-06 17:55:00.528 16782 16782 E C01320/com.ctrip.harmonynext/JsEnv: [source_map.cpp500]stageMode sourceMaps find fail
08-06 17:55:00.528 16782 16782 E C01320/com.ctrip.harmonynext/JsEnv: [source_map.cpp500]stageMode sourceMaps find fail
08-06 17:55:00.528 16782 16782 E C01320/com.ctrip.harmonynext/JsEnv: [source_map.cpp500]stageMode sourceMaps find fail
08-06 17:55:00.528 16782 16782 E C01320/com.ctrip.harmonynext/JsEnv: [source_map.cpp500]stageMode sourceMaps find fail
08-06 17:55:00.528 16782 16782 E C01320/com.ctrip.harmonynext/JsEnv: [source_map.cpp500]stageMode sourceMaps find fail
08-06 17:55:00.528 16782 16782 E C01320/com.ctrip.harmonynext/JsEnv: [source_map.cpp500]stageMode sourceMaps find fail
08-06 17:55:00.528 16782 16782 E C01320/com.ctrip.harmonynext/JsEnv: [source_map.cpp500]stageMode sourceMaps find fail
08-06 17:55:00.528 16782 16782 E C01320/com.ctrip.harmonynext/JsEnv: [source_map.cpp500]stageMode sourceMaps find fail
08-06 17:55:00.528 16782 16782 E C01320/com.ctrip.harmonynext/JsEnv: [source_map.cpp500]stageMode sourceMaps find fail
08-06 17:55:00.528 16782 16782 E C01320/com.ctrip.harmonynext/JsEnv: [source_map.cpp500]stageMode sourceMaps find fail
08-06 17:55:00.528 16782 16782 E C01320/com.ctrip.harmonynext/JsEnv: [source_map.cpp500]stageMode sourceMaps find fail
08-06 17:55:00.528 16782 16782 E C01320/com.ctrip.harmonynext/JsEnv: [source_map.cpp500]stageMode sourceMaps find fail
08-06 17:55:00.528 16782 16782 E C01320/com.ctrip.harmonynext/JsEnv: [source_map.cpp500]stageMode sourceMaps find fail
08-06 17:55:00.528 16782 16782 E C01320/com.ctrip.harmonynext/JsEnv: [source_map.cpp500]stageMode sourceMaps find fail
08-06 17:55:00.528 16782 16782 E C01320/com.ctrip.harmonynext/JsEnv: [source_map.cpp500]stageMode sourceMaps find fail
08-06 17:55:00.528 16782 16782 E C01320/com.ctrip.harmonynext/JsEnv: [source_map.cpp500]stageMode sourceMaps find fail
08-06 17:55:00.528 16782 16782 E C01320/com.ctrip.harmonynext/JsEnv: [source_map.cpp500]stageMode sourceMaps find fail
08-06 17:55:00.528 16782 16782 E C01320/com.ctrip.harmonynext/JsEnv: [source_map.cpp500]stageMode sourceMaps find fail
08-06 17:55:00.528 16782 16782 E C01320/com.ctrip.harmonynext/JsEnv: [source_map.cpp500]stageMode sourceMaps find fail
08-06 17:55:00.528 16782 16782 E C01320/com.ctrip.harmonynext/JsEnv: [source_map.cpp500]stageMode sourceMaps find fail
08-06 17:55:00.528 16782 16782 E C01320/com.ctrip.harmonynext/JsEnv: [source_map.cpp500]stageMode sourceMaps find fail
08-06 17:55:00.528 16782 16782 E C01320/com.ctrip.harmonynext/JsEnv: [source_map.cpp500]stageMode sourceMaps find fail
08-06 17:55:00.528 16782 16782 E C01320/com.ctrip.harmonynext/JsEnv: [source_map.cpp500]stageMode sourceMaps find fail
08-06 17:55:00.528 16782 16782 E C01320/com.ctrip.harmonynext/JsEnv: [source_map.cpp500]stageMode sourceMaps find fail
08-06 17:55:00.528 16782 16782 E C01320/com.ctrip.harmonynext/JsEnv: [source_map.cpp500]stageMode sourceMaps find fail
08-06 17:55:00.528 16782 16782 E C01320/com.ctrip.harmonynext/JsEnv: [source_map.cpp500]stageMode sourceMaps find fail
08-06 17:55:00.528 16782 16782 E C01320/com.ctrip.harmonynext/JsEnv: [source_map.cpp500]stageMode sourceMaps find fail
08-06 17:55:00.528 16782 16782 E C01320/com.ctrip.harmonynext/JsEnv: [source_map.cpp500]stageMode sourceMaps find fail
08-06 17:55:00.528 16782 16782 E C01320/com.ctrip.harmonynext/JsEnv: [source_map.cpp500]stageMode sourceMaps find fail
08-06 17:55:00.528 16782 16782 E C01320/com.ctrip.harmonynext/JsEnv: [source_map.cpp500]stageMode sourceMaps find fail
08-06 17:55:00.528 16782 16782 E C01320/com.ctrip.harmonynext/JsEnv: [source_map.cpp500]stageMode sourceMaps find fail
08-06 17:55:00.528 16782 16782 E C01320/com.ctrip.harmonynext/JsEnv: [source_map.cpp500]stageMode sourceMaps find fail
08-06 17:55:00.528 16782 16782 E C01320/com.ctrip.harmonynext/JsEnv: [source_map.cpp500]stageMode sourceMaps find fail
08-06 17:55:00.528 16782 16782 E C01320/com.ctrip.harmonynext/JsEnv: [source_map.cpp500]stageMode sourceMaps find fail
08-06 17:55:00.528 16782 16782 E C01320/com.ctrip.harmonynext/JsEnv: [source_map.cpp500]stageMode sourceMaps find fail
08-06 17:55:00.528 16782 16782 E C01320/com.ctrip.harmonynext/JsEnv: [source_map.cpp500]stageMode sourceMaps find fail
08-06 17:55:00.528 16782 16782 E C01320/com.ctrip.harmonynext/JsEnv: [source_map.cpp500]stageMode sourceMaps find fail
08-06 17:55:00.528 16782 16782 E C01320/com.ctrip.harmonynext/JsEnv: [source_map.cpp500]stageMode sourceMaps find fail
08-06 17:55:00.528 16782 16782 E C01320/com.ctrip.harmonynext/JsEnv: [source_map.cpp500]stageMode sourceMaps find fail
08-06 17:55:00.528 16782 16782 E C01320/com.ctrip.harmonynext/JsEnv: [source_map.cpp500]stageMode sourceMaps find fail
08-06 17:55:00.528 16782 16782 E C01320/com.ctrip.harmonynext/JsEnv: [source_map.cpp500]stageMode sourceMaps find fail
08-06 17:55:00.528 16782 16782 E C01320/com.ctrip.harmonynext/JsEnv: [source_map.cpp500]stageMode sourceMaps find fail
08-06 17:55:00.528 16782 16782 E C01320/com.ctrip.harmonynext/JsEnv: [source_map.cpp500]stageMode sourceMaps find fail
08-06 17:55:00.528 16782 16782 E C01320/com.ctrip.harmonynext/JsEnv: [source_map.cpp500]stageMode sourceMaps find fail
08-06 17:55:00.528 16782 16782 E C01320/com.ctrip.harmonynext/JsEnv: [source_map.cpp500]stageMode sourceMaps find fail
08-06 17:55:00.528 16782 16782 E C01320/com.ctrip.harmonynext/JsEnv: [source_map.cpp500]stageMode sourceMaps find fail
08-06 17:55:00.528 16782 16782 E C01320/com.ctrip.harmonynext/JsEnv: [source_map.cpp500]stageMode sourceMaps find fail
08-06 17:55:00.528 16782 16782 E C01320/com.ctrip.harmonynext/JsEnv: [source_map.cpp500]stageMode sourceMaps find fail
08-06 17:55:00.528 16782 16782 E C01320/com.ctrip.harmonynext/JsEnv: [source_map.cpp500]stageMode sourceMaps find fail
08-06 17:55:00.528 16782 16782 E C01320/com.ctrip.harmonynext/JsEnv: [source_map.cpp500]stageMode sourceMaps find fail
08-06 17:55:00.528 16782 16782 E C01320/com.ctrip.harmonynext/JsEnv: [source_map.cpp500]stageMode sourceMaps find fail
08-06 17:55:00.528 16782 16782 E C01320/com.ctrip.harmonynext/JsEnv: [source_map.cpp500]stageMode sourceMaps find fail
08-06 17:55:00.528 16782 16782 E C01320/com.ctrip.harmonynext/JsEnv: [source_map.cpp500]stageMode sourceMaps find fail
08-06 17:55:00.528 16782 16782 E C01320/com.ctrip.harmonynext/JsEnv: [source_map.cpp500]stageMode sourceMaps find fail
08-06 17:55:00.528 16782 16782 E C01320/com.ctrip.harmonynext/JsEnv: [source_map.cpp500]stageMode sourceMaps find fail
08-06 17:55:00.528 16782 16782 E C01320/com.ctrip.harmonynext/JsEnv: [source_map.cpp500]stageMode sourceMaps find fail
08-06 17:55:00.528 16782 16782 E C01320/com.ctrip.harmonynext/JsEnv: [source_map.cpp500]stageMode sourceMaps find fail
08-06 17:55:00.528 16782 16782 E C01320/com.ctrip.harmonynext/JsEnv: [source_map.cpp500]stageMode sourceMaps find fail
08-06 17:55:00.528 16782 16782 E C01320/com.ctrip.harmonynext/JsEnv: [source_map.cpp500]stageMode sourceMaps find fail
08-06 17:55:00.528 16782 16782 E C01320/com.ctrip.harmonynext/JsEnv: [source_map.cpp500]stageMode sourceMaps find fail
08-06 17:55:00.528 16782 16782 E C01320/com.ctrip.harmonynext/JsEnv: [source_map.cpp500]stageMode sourceMaps find fail
08-06 17:55:00.528 16782 16782 E C01320/com.ctrip.harmonynext/JsEnv: [source_map.cpp500]stageMode sourceMaps find fail
08-06 17:55:00.528 16782 16782 E C01320/com.ctrip.harmonynext/JsEnv: [source_map.cpp500]stageMode sourceMaps find fail
08-06 17:55:00.528 16782 16782 E C01320/com.ctrip.harmonynext/JsEnv: [source_map.cpp500]stageMode sourceMaps find fail
08-06 17:55:00.528 16782 16782 E C01320/com.ctrip.harmonynext/JsEnv: [source_map.cpp500]stageMode sourceMaps find fail
08-06 17:55:00.528 16782 16782 E C01320/com.ctrip.harmonynext/JsEnv: [source_map.cpp500]stageMode sourceMaps find fail
08-06 17:55:00.528 16782 16782 E C01320/com.ctrip.harmonynext/JsEnv: [source_map.cpp500]stageMode sourceMaps find fail
08-06 17:55:00.528 16782 16782 E C01320/com.ctrip.harmonynext/JsEnv: [source_map.cpp500]stageMode sourceMaps find fail
08-06 17:55:00.528 16782 16782 E C01320/com.ctrip.harmonynext/JsEnv: [source_map.cpp500]stageMode sourceMaps find fail
08-06 17:55:00.528 16782 16782 E C01320/com.ctrip.harmonynext/JsEnv: [source_map.cpp500]stageMode sourceMaps find fail
08-06 17:55:00.528 16782 16782 E C01320/com.ctrip.harmonynext/JsEnv: [source_map.cpp500]stageMode sourceMaps find fail
08-06 17:55:00.528 16782 16782 E C01320/com.ctrip.harmonynext/JsEnv: [source_map.cpp500]stageMode sourceMaps find fail
08-06 17:55:00.528 16782 16782 E C01320/com.ctrip.harmonynext/JsEnv: [source_map.cpp500]stageMode sourceMaps find fail
08-06 17:55:00.528 16782 16782 E C01320/com.ctrip.harmonynext/JsEnv: [source_map.cpp500]stageMode sourceMaps find fail
08-06 17:55:00.528 16782 16782 E C01320/com.ctrip.harmonynext/JsEnv: [source_map.cpp500]stageMode sourceMaps find fail
08-06 17:55:00.528 16782 16782 E C01320/com.ctrip.harmonynext/JsEnv: [source_map.cpp500]stageMode sourceMaps find fail
08-06 17:55:00.528 16782 16782 E C01320/com.ctrip.harmonynext/JsEnv: [source_map.cpp500]stageMode sourceMaps find fail
08-06 17:55:00.528 16782 16782 E C01320/com.ctrip.harmonynext/JsEnv: [source_map.cpp500]stageMode sourceMaps find fail
08-06 17:55:00.528 16782 16782 E C01320/com.ctrip.harmonynext/JsEnv: [source_map.cpp500]stageMode sourceMaps find fail
08-06 17:55:00.528 16782 16782 E C01320/com.ctrip.harmonynext/JsEnv: [source_map.cpp500]stageMode sourceMaps find fail
08-06 17:55:00.528 16782 16782 E C01320/com.ctrip.harmonynext/JsEnv: [source_map.cpp500]stageMode sourceMaps find fail
08-06 17:55:00.528 16782 16782 E C01320/com.ctrip.harmonynext/JsEnv: [source_map.cpp500]stageMode sourceMaps find fail
08-06 17:55:00.528 16782 16782 E C01320/com.ctrip.harmonynext/JsEnv: [source_map.cpp500]stageMode sourceMaps find fail
08-06 17:55:00.528 16782 16782 E C01320/com.ctrip.harmonynext/JsEnv: [source_map.cpp500]stageMode sourceMaps find fail
08-06 17:55:00.529 16782 16782 E C01320/com.ctrip.harmonynext/JsEnv: [source_map.cpp500]stageMode sourceMaps find fail
08-06 17:55:00.529 16782 16782 E C01320/com.ctrip.harmonynext/JsEnv: [source_map.cpp500]stageMode sourceMaps find fail
08-06 17:55:00.529 16782 16782 E C01320/com.ctrip.harmonynext/JsEnv: [source_map.cpp500]stageMode sourceMaps find fail
08-06 17:55:00.529 16782 16782 E C01320/com.ctrip.harmonynext/JsEnv: [source_map.cpp500]stageMode sourceMaps find fail
08-06 17:55:00.529 16782 16782 E C01320/com.ctrip.harmonynext/JsEnv: [source_map.cpp500]stageMode sourceMaps find fail
08-06 17:55:00.529 16782 16782 E C01320/com.ctrip.harmonynext/JsEnv: [source_map.cpp500]stageMode sourceMaps find fail
08-06 17:55:00.529 16782 16782 E C01320/com.ctrip.harmonynext/JsEnv: [source_map.cpp500]stageMode sourceMaps find fail
08-06 17:55:00.529 16782 16782 E C01320/com.ctrip.harmonynext/JsEnv: [source_map.cpp500]stageMode sourceMaps find fail
08-06 17:55:00.529 16782 16782 E C01320/com.ctrip.harmonynext/JsEnv: [source_map.cpp500]stageMode sourceMaps find fail
08-06 17:55:00.529 16782 16782 E C01320/com.ctrip.harmonynext/JsEnv: [source_map.cpp500]stageMode sourceMaps find fail
08-06 17:55:00.529 16782 16782 E C01320/com.ctrip.harmonynext/JsEnv: [source_map.cpp500]stageMode sourceMaps find fail
08-06 17:55:00.529 16782 16782 E C01320/com.ctrip.harmonynext/JsEnv: [source_map.cpp500]stageMode sourceMaps find fail
08-06 17:55:00.529 16782 16782 E C01320/com.ctrip.harmonynext/JsEnv: [source_map.cpp500]stageMode sourceMaps find fail
08-06 17:55:00.529 16782 16782 E C01320/com.ctrip.harmonynext/JsEnv: [source_map.cpp500]stageMode sourceMaps find fail
08-06 17:55:00.529 16782 16782 E C01320/com.ctrip.harmonynext/JsEnv: [source_map.cpp500]stageMode sourceMaps find fail
08-06 17:55:00.529 16782 16782 E C01320/com.ctrip.harmonynext/JsEnv: [source_map.cpp500]stageMode sourceMaps find fail
08-06 17:55:00.529 16782 16782 E C01320/com.ctrip.harmonynext/JsEnv: [source_map.cpp500]stageMode sourceMaps find fail
08-06 17:55:00.529 16782 16782 E C01320/com.ctrip.harmonynext/JsEnv: [source_map.cpp500]stageMode sourceMaps find fail
08-06 17:55:00.529 16782 16782 E C01320/com.ctrip.harmonynext/JsEnv: [source_map.cpp500]stageMode sourceMaps find fail
08-06 17:55:00.529 16782 16782 E C01320/com.ctrip.harmonynext/JsEnv: [source_map.cpp500]stageMode sourceMaps find fail
08-06 17:55:00.529 16782 16782 E C01320/com.ctrip.harmonynext/JsEnv: [source_map.cpp500]stageMode sourceMaps find fail
08-06 17:55:00.529 16782 16782 E C01320/com.ctrip.harmonynext/JsEnv: [source_map.cpp500]stageMode sourceMaps find fail
08-06 17:55:00.529 16782 16782 E C01320/com.ctrip.harmonynext/JsEnv: [source_map.cpp500]stageMode sourceMaps find fail
08-06 17:55:00.531 16782 16782 E C01317/com.ctrip.harmonynext/AppKit: [MTHRD2294]
08-06 17:55:00.531 16782 16782 E C01317/com.ctrip.harmonynext/AppKit: com.ctrip.harmonynext is about to exit due to RuntimeError
08-06 17:55:00.531 16782 16782 E C01317/com.ctrip.harmonynext/AppKit: Error type:RangeError
08-06 17:55:00.531 16782 16782 E C01317/com.ctrip.harmonynext/AppKit: Error name:RangeError
08-06 17:55:00.531 16782 16782 E C01317/com.ctrip.harmonynext/AppKit: Error message:Stack overflow!
08-06 17:55:00.531 16782 16782 E C01317/com.ctrip.harmonynext/AppKit: Stacktrace:
08-06 17:55:00.531 16782 16782 E C01317/com.ctrip.harmonynext/AppKit: Cannot get SourceMap info, dump raw stack:
08-06 17:55:00.531 16782 16782 E C01317/com.ctrip.harmonynext/AppKit:     at xlgEnable (@ctcommon/ctfoundation|@ctcommon/ctfoundation|8.94.6-beta.20260727152537|src/main/ets/utils/LogUtil.ts:63:1)
08-06 17:55:00.531 16782 16782 E C01317/com.ctrip.harmonynext/AppKit:     at isCanShowLog (@ctcommon/ctfoundation|@ctcommon/ctfoundation|8.94.6-beta.20260727152537|src/main/ets/utils/LogUtil.ts:47:45)
08-06 17:55:00.531 16782 16782 E C01317/com.ctrip.harmonynext/AppKit:     at canPrintConsole (@ctcommon/ctfoundation|@ctcommon/ctfoundation|8.94.6-beta.20260727152537|src/main/ets/utils/LogUtil.ts:126:46)
08-06 17:55:00.531 16782 16782 E C01317/com.ctrip.harmonynext/AppKit:     at printConsole (@ctcommon/ctfoundation|@ctcommon/ctfoundation|8.94.6-beta.20260727152537|src/main/ets/utils/LogUtil.ts:98:21)
08-06 17:55:00.531 16782 16782 E C01317/com.ctrip.harmonynext/AppKit:     at debug (@ctcommon/ctfoundation|@ctcommon/ctfoundation|8.94.6-beta.20260727152537|src/main/ets/utils/LogUtil.ts:65:1)
08-06 17:55:00.531 16782 16782 E C01317/com.ctrip.harmonynext/AppKit:     at initMCDHosts (@ctcommon/ctimage|@ctcommon/ctimage|8.94.6-beta.20260729205823|src/main/ets/image/util/CTImageLoaderUrlTransSupportUtil.ts:109:17)
08-06 17:55:00.531 16782 16782 E C01317/com.ctrip.harmonynext/AppKit:     at getTransHostList (@ctcommon/ctimage|@ctcommon/ctimage|8.94.6-beta.20260729205823|src/main/ets/image/util/CTImageLoaderUrlTransSupportUtil.ts:50:42)
08-06 17:55:00.531 16782 16782 E C01317/com.ctrip.harmonynext/AppKit:     at isUrlHostSupportTrans (@ctcommon/ctimage|@ctcommon/ctimage|8.94.6-beta.20260729205823|src/main/ets/image/util/CTImageLoaderUrlTransSupportUtil.ts:17:75)
08-06 17:55:00.531 16782 16782 E C01317/com.ctrip.harmonynext/AppKit:     at isSupportAvifUrl (@ctcommon/ctimage|@ctcommon/ctimage|8.94.6-beta.20260729205823|src/main/ets/image/util/CTAVifSupportUtils.ts:106:46)
08-06 17:55:00.531 16782 16782 E C01317/com.ctrip.harmonynext/AppKit:     at getAvifUrlMaybeNull (@ctcommon/ctimage|@ctcommon/ctimage|8.94.6-beta.20260729205823|src/main/ets/image/util/CTAVifSupportUtils.ts:24:32)
08-06 17:55:00.531 16782 16782 E C01317/com.ctrip.harmonynext/AppKit:     at transUrl (@ctcommon/ctimage|@ctcommon/ctimage|8.94.6-beta.20260729205823|src/main/ets/image/util/CTImageUrlTransUtil.ts:28:38)
08-06 17:55:00.531 16782 16782 E C01317/com.ctrip.harmonynext/AppKit:     at transUrl (@ctcommon/ctimage|@ctcommon/ctimage|8.94.6-beta.20260729205823|src/main/ets/image/util/CTImageLoader.ts:46:43)
08-06 17:55:00.531 16782 16782 E C01317/com.ctrip.harmonynext/AppKit:     at configCommonParams (@ctcommon/ctimage|@ctcommon/ctimage|8.94.6-beta.20260729205823|src/main/ets/image/CTImage.ts:421:27)
08-06 17:55:00.531 16782 16782 E C01317/com.ctrip.harmonynext/AppKit:     at configBeforeShow (@ctcommon/ctimage|@ctcommon/ctimage|8.94.6-beta.20260729205823|src/main/ets/image/CTImage.ts:390:14)
08-06 17:55:00.531 16782 16782 E C01317/com.ctrip.harmonynext/AppKit:     at onImageOptionChange (@ctcommon/ctimage|@ctcommon/ctimage|8.94.6-beta.20260729205823|src/main/ets/image/CTImage.ts:172:14)
08-06 17:55:00.531 16782 16782 E C01317/com.ctrip.harmonynext/AppKit:     at viewPropertyHasChanged (/usr1/hmos_for_system/src/increment/sourcecode/out/generic_generic_arm_64only/general_all_phone_standard/obj/foundation/arkui/ace_engine/frameworks/bridge/declarative_frontend/stateMgmt.js:10269:1)
08-06 17:55:00.531 16782 16782 E C01317/com.ctrip.harmonynext/AppKit:     at notifyPropertyHasChangedPU (/usr1/hmos_for_system/src/increment/sourcecode/out/generic_generic_arm_64only/general_all_phone_standard/obj/foundation/arkui/ace_engine/frameworks/bridge/declarative_frontend/stateMgmt.js:8084:1)
08-06 17:55:00.531 16782 16782 E C01317/com.ctrip.harmonynext/AppKit:     at onTrackedObjectPropertyCompatModeHasChangedPU (/usr1/hmos_for_system/src/increment/sourcecode/out/generic_generic_arm_64only/general_all_phone_standard/obj/foundation/arkui/ace_engine/frameworks/bridge/declarative_frontend/stateMgmt.js:8329:1)
08-06 17:55:00.531 16782 16782 E C01317/com.ctrip.harmonynext/AppKit:     at anonymous (/usr1/hmos_for_system/src/increment/sourcecode/out/generic_generic_arm_64only/general_all_phone_standard/obj/foundation/arkui/ace_engine/frameworks/bridge/declarative_frontend/stateMgmt.js:2602:1)
08-06 17:55:00.531 16782 16782 E C01317/com.ctrip.harmonynext/AppKit:     at notifyObjectPropertyHasChanged (/usr1/hmos_for_system/src/increment/sourcecode/out/generic_generic_arm_64only/general_all_phone_standard/obj/foundation/arkui/ace_engine/frameworks/bridge/declarative_frontend/stateMgmt.js:2594:1)
08-06 17:55:00.531 16782 16782 E C01317/com.ctrip.harmonynext/AppKit:     at set (/usr1/hmos_for_system/src/increment/sourcecode/out/generic_generic_arm_64only/general_all_phone_standard/obj/foundation/arkui/ace_engine/frameworks/bridge/declarative_frontend/stateMgmt.js:2746:1)
08-06 17:55:00.531 16782 16782 E C01317/com.ctrip.harmonynext/AppKit:     at configCommonParams (@ctcommon/ctimage|@ctcommon/ctimage|8.94.6-beta.20260729205823|src/main/ets/image/CTImage.ts:418:1)
08-06 17:55:00.531 16782 16782 E C01317/com.ctrip.harmonynext/AppKit:     at configBeforeShow (@ctcommon/ctimage|@ctcommon/ctimage|8.94.6-beta.20260729205823|src/main/ets/image/CTImage.ts:390:14)
08-06 17:55:00.531 16782 16782 E C01317/com.ctrip.harmonynext/AppKit:     at onImageOptionChange (@ctcommon/ctimage|@ctcommon/ctimage|8.94.6-beta.20260729205823|src/main/ets/image/CTImage.ts:172:14)
08-06 17:55:00.531 16782 16782 E C01317/com.ctrip.harmonynext/AppKit:     at viewPropertyHasChanged (/usr1/hmos_for_system/src/increment/sourcecode/out/generic_generi
08-06 17:55:00.531 16782 16782 I C01336/com.ctrip.harmonynext/AMS: [AMC1916]RecordAppWithReason pid:16782, uid:20020314, killId:2003
08-06 17:55:00.531 16782 16782 W C01317/com.ctrip.harmonynext/AppKit: [MTHRD2301]Record result=0, send event [FRAMEWORK,PROCESS_KILL,JS_ERROR], pid=16782, processName=com.ctrip.harmonynext, msg=Kill Reason:Js Error, foreground=1, isUncatchable=0
08-06 17:55:00.531 16782 16782 I C01317/com.ctrip.harmonynext/AppKit: [application_data_manager.cpp209]main thread
08-06 17:55:00.531 16782 16782 I C01324/com.ctrip.harmonynext/JsNapi: [js_error_manager.cpp330]call func: onUnhandledException
08-06 17:55:00.532 16782 16782 I C01324/com.ctrip.harmonynext/JsNapi: [js_error_manager.cpp330]call func: onException
08-06 17:55:00.532 16782 16782 I C01324/com.ctrip.harmonynext/JsNapi: [js_error_manager.cpp586]not register defaultHandler callback
08-06 17:55:00.532 16782 16782 I C01317/com.ctrip.harmonynext/AppKit: [application_data_manager.cpp212]Complete all callbacks
08-06 17:55:00.532 16782 16782 I A03D00/com.ctrip.harmonynext/JSAPP: StandardDatabase execSQL done.
08-06 17:55:00.532 16782 16782 I A03D00/com.ctrip.harmonynext/JSAPP: StandardDatabase execSQL done.
08-06 17:55:00.532 16782 17058 E A04510/com.ctrip.harmonynext/chromium: [../../ohos_nweb_ex/overrides/ohos_nweb/src/cef_delegate/cloud_control_config/nweb_cloud_control_config_type.cc:47] Current version.txt open failed
08-06 17:55:00.532 16782 17058 W A04510/com.ctrip.harmonynext/chromium: [../../ohos_nweb_ex/overrides/ohos_nweb/src/cef_delegate/cloud_control_config/nweb_cloud_control_config_type.cc:71] control pref path is not exist.
08-06 17:55:00.532 16782 17058 E A04510/com.ctrip.harmonynext/chromium: [../../ohos_nweb_ex/overrides/ohos_nweb/src/cef_delegate/cloud_control_config/global_config/nweb_cloud_control_global_config.cc:110] [global config] get global config file name failed.
08-06 17:55:00.533 16782 16782 I C05302/com.ctrip.harmonynext/histogramClient: [module_template.h:103] js invoke TcpSetExtraOptions
08-06 17:55:00.535 16782 17136 I C0393A/com.ctrip.harmonynext/DownloadManager: [(100000:100000:scope)] DownloadManager GetInstance
08-06 17:55:00.535 16782 17136 I C01C50/com.ctrip.harmonynext/PreloadNative: apply ram 677 for e640d15487db9c8c
08-06 17:55:00.535 16782 17136 W C02B60/com.ctrip.harmonynext/AvifDecoderImpl: InitFrameInfo width : 48, height : 48
08-06 17:55:00.538 16782 16782 I A00000/com.ctrip.harmonynext/MMKV: <MemoryFile.cpp:98::open> open fd[0x17c], /data/storage/el2/base/files/mmkv/Ctripcomm_businessCookieKey
08-06 17:55:00.538 16782 17213 I C02B61/com.ctrip.harmonynext/ImageSource: CreatePixelMap success, id:1786010100535917,dSize:(0,0),srcSize: (360,360),dHdr:1,sHdr:1,memType: 4,cost 2098 us
08-06 17:55:00.538 16782 16782 I A00000/com.ctrip.harmonynext/MMKV: <MemoryFile.cpp:203::mmap> mmap to address [0x5a5327e000], oldPtr [0], [/data/storage/el2/base/files/mmkv/Ctripcomm_businessCookieKey]
08-06 17:55:00.538 16782 16782 I A00000/com.ctrip.harmonynext/MMKV: <MemoryFile.cpp:98::open> open fd[0x17d], /data/storage/el2/base/files/mmkv/Ctripcomm_businessCookieKey.crc
08-06 17:55:00.538 16782 16782 I A00000/com.ctrip.harmonynext/MMKV: <MemoryFile.cpp:203::mmap> mmap to address [0x5a5327f000], oldPtr [0], [/data/storage/el2/base/files/mmkv/Ctripcomm_businessCookieKey.crc]
08-06 17:55:00.538 16782 16782 I A00000/com.ctrip.harmonynext/MMKV: <MMKV_IO.cpp:214::loadMetaInfoAndCheck> meta file [Ctripcomm_businessCookieKey] has flag [1]
08-06 17:55:00.538 16782 16782 I A00000/com.ctrip.harmonynext/MMKV: <MMKV_IO.cpp:84::loadFromFile> loading [Ctripcomm_businessCookieKey] with 2974 actual size, file size 4096, InterProcess 1, meta info version:4
08-06 17:55:00.538 16782 16782 I A00000/com.ctrip.harmonynext/MMKV: <MMKV_IO.cpp:89::loadFromFile> loading [Ctripcomm_businessCookieKey] with crc 2419336569 sequence 102 version 4
08-06 17:55:00.538 16782 16782 I A00000/com.ctrip.harmonynext/MMKV: <MMKV_IO.cpp:133::loadFromFile> loaded [Ctripcomm_businessCookieKey] with 1 key-values
08-06 17:55:00.538 16782 16782 I A00000/com.ctrip.harmonynext/MMKV: <MemoryFile.cpp:98::open> open fd[0x17f], /data/storage/el2/base/files/mmkv/Ctripcaptcha_token_domain
08-06 17:55:00.538 16782 16782 I A00000/com.ctrip.harmonynext/MMKV: <MemoryFile.cpp:203::mmap> mmap to address [0x5a5329d000], oldPtr [0], [/data/storage/el2/base/files/mmkv/Ctripcaptcha_token_domain]
08-06 17:55:00.538 16782 16782 I A00000/com.ctrip.harmonynext/MMKV: <MemoryFile.cpp:98::open> open fd[0x180], /data/storage/el2/base/files/mmkv/Ctripcaptcha_token_domain.crc
08-06 17:55:00.538 16782 16782 I A00000/com.ctrip.harmonynext/MMKV: <MemoryFile.cpp:203::mmap> mmap to address [0x5a532fa000], oldPtr [0], [/data/storage/el2/base/files/mmkv/Ctripcaptcha_token_domain.crc]
08-06 17:55:00.538 16782 16782 I A00000/com.ctrip.harmonynext/MMKV: <MMKV_IO.cpp:214::loadMetaInfoAndCheck> meta file [Ctripcaptcha_token_domain] has flag [0]
08-06 17:55:00.538 16782 16782 I A00000/com.ctrip.harmonynext/MMKV: <MMKV_IO.cpp:84::loadFromFile> loading [Ctripcaptcha_token_domain] with 0 actual size, file size 4096, InterProcess 1, meta info version:4
08-06 17:55:00.538 16782 16782 I A00000/com.ctrip.harmonynext/MMKV: <MMKV_IO.cpp:133::loadFromFile> loaded [Ctripcaptcha_token_domain] with 0 key-values
08-06 17:55:00.540 16782 17213 W C02B60/com.ctrip.harmonynext/AvifDecoderImpl: InitFrameInfo width : 48, height : 48
08-06 17:55:00.541 16782 16782 W C0392D/com.ctrip.harmonynext/AceLazyForEach: [(100000:100000:scope)] Use repeat key for index: 6
08-06 17:55:00.541 16782 17213 I C02B61/com.ctrip.harmonynext/ImageSource: CreatePixelMap success, id:1786010100540621,dSize:(0,0),srcSize: (48,48),dHdr:1,sHdr:1,memType: 4,cost 670 us
08-06 17:55:00.543 16782 17213 I C0393A/com.ctrip.harmonynext/DownloadManager: [(100000:100000:scope)] DownloadManager GetInstance
08-06 17:55:00.543 16782 17213 I C01C50/com.ctrip.harmonynext/PreloadNative: apply ram 97487 for a5848997d85a6ae4
08-06 17:55:00.544 16782 17137 I C0393A/com.ctrip.harmonynext/DownloadManager: [(100000:100000:scope)] DownloadManager GetInstance
08-06 17:55:00.544 16782 17137 I C01C50/com.ctrip.harmonynext/PreloadNative: apply ram 1122 for 81bcaa7f19c22a49
08-06 17:55:00.544 16782 16782 I C03900/com.ctrip.harmonynext/ARKTS-INTEROP: ArkTsValuetoNapiValue start
08-06 17:55:00.544 16782 16782 I C03900/com.ctrip.harmonynext/ARKTS-INTEROP: IsStageMode start
08-06 17:55:00.544 16782 16782 I C03900/com.ctrip.harmonynext/ARKTS-INTEROP: IsStageMode true
08-06 17:55:00.544 16782 16782 I C03900/com.ctrip.harmonynext/ARKTS-INTEROP: GetContextStageMode start
08-06 17:55:00.544 16782 16782 I C03900/com.ctrip.harmonynext/ARKTS-INTEROP: GetContextStageMode success
08-06 17:55:00.544 16782 16782 I C03900/com.ctrip.harmonynext/ARKTS-INTEROP: ArkTsValuetoNapiValue start
08-06 17:55:00.544 16782 16782 I C03900/com.ctrip.harmonynext/ARKTS-INTEROP: IsStageMode start
08-06 17:55:00.544 16782 16782 I C03900/com.ctrip.harmonynext/ARKTS-INTEROP: IsStageMode true
08-06 17:55:00.544 16782 16782 I C03900/com.ctrip.harmonynext/ARKTS-INTEROP: GetContextStageMode start
08-06 17:55:00.544 16782 16782 I C03900/com.ctrip.harmonynext/ARKTS-INTEROP: GetContextStageMode success
08-06 17:55:00.573 16782 16782 E C03F00/com.ctrip.harmonynext/ArkCompiler: [ecmascript] Stack overflow! current:541237106816 limit:541237106992 current frame: 0x7e043ed8d0
08-06 17:55:00.575 16782 16782 W C03F00/com.ctrip.harmonynext/ArkCompiler: [default] [Call] occur exception need return
08-06 17:55:00.575 16782 16782 E C03F00/com.ctrip.harmonynext/ArkCompiler: [ecmascript] Pending exception before ExecutePendingJob called, in line:6288, exception details as follows:
08-06 17:55:00.575 16782 16782 E C03F00/com.ctrip.harmonynext/ArkCompiler: RangeError: Stack overflow!
08-06 17:55:00.575 16782 16782 E C03F00/com.ctrip.harmonynext/ArkCompiler: Cannot get SourceMap info, dump raw stack:
08-06 17:55:00.575 16782 16782 E C03F00/com.ctrip.harmonynext/ArkCompiler:     at xlgEnable (@ctcommon/ctfoundation|@ctcommon/ctfoundation|8.94.6-beta.20260727152537|src/main/ets/utils/LogUtil.ts:63:1)
08-06 17:55:00.575 16782 16782 E C03F00/com.ctrip.harmonynext/ArkCompiler:     at isCanShowLog (@ctcommon/ctfoundation|@ctcommon/ctfoundation|8.94.6-beta.20260727152537|src/main/ets/utils/LogUtil.ts:47:45)
08-06 17:55:00.575 16782 16782 E C03F00/com.ctrip.harmonynext/ArkCompiler:     at canPrintConsole (@ctcommon/ctfoundation|@ctcommon/ctfoundation|8.94.6-beta.20260727152537|src/main/ets/utils/LogUtil.ts:126:46)
08-06 17:55:00.575 16782 16782 E C03F00/com.ctrip.harmonynext/ArkCompiler:     at printConsole (@ctcommon/ctfoundation|@ctcommon/ctfoundation|8.94.6-beta.20260727152537|src/main/ets/utils/LogUtil.ts:98:21)
08-06 17:55:00.575 16782 16782 E C03F00/com.ctrip.harmonynext/ArkCompiler:     at debug (@ctcommon/ctfoundation|@ctcommon/ctfoundation|8.94.6-beta.20260727152537|src/main/ets/utils/LogUtil.ts:65:1)
08-06 17:55:00.575 16782 16782 E C03F00/com.ctrip.harmonynext/ArkCompiler:     at initMCDHosts (@ctcommon/ctimage|@ctcommon/ctimage|8.94.6-beta.20260729205823|src/main/ets/image/util/CTImageLoaderUrlTransSupportUtil.ts:109:17)
08-06 17:55:00.575 16782 16782 E C03F00/com.ctrip.harmonynext/ArkCompiler:     at getTransHostList (@ctcommon/ctimage|@ctcommon/ctimage|8.94.6-beta.20260729205823|src/main/ets/image/util/CTImageLoaderUrlTransSupportUtil.ts:50:42)
08-06 17:55:00.575 16782 16782 E C03F00/com.ctrip.harmonynext/ArkCompiler:     at isUrlHostSupportTrans (@ctcommon/ctimage|@ctcommon/ctimage|8.94.6-beta.20260729205823|src/main/ets/image/util/CTImageLoaderUrlTransSupportUtil.ts:17:75)
08-06 17:55:00.575 16782 16782 E C03F00/com.ctrip.harmonynext/ArkCompiler:     at isSupportAvifUrl (@ctcommon/ctimage|@ctcommon/ctimage|8.94.6-beta.20260729205823|src/main/ets/image/util/CTAVifSupportUtils.ts:106:46)
08-06 17:55:00.575 16782 16782 E C03F00/com.ctrip.harmonynext/ArkCompiler:     at getAvifUrlMaybeNull (@ctcommon/ctimage|@ctcommon/ctimage|8.94.6-beta.20260729205823|src/main/ets/image/util/CTAVifSupportUtils.ts:24:32)
08-06 17:55:00.575 16782 16782 E C03F00/com.ctrip.harmonynext/ArkCompiler:     at transUrl (@ctcommon/ctimage|@ctcommon/ctimage|8.94.6-beta.20260729205823|src/main/ets/image/util/CTImageUrlTransUtil.ts:28:38)
08-06 17:55:00.575 16782 16782 E C03F00/com.ctrip.harmonynext/ArkCompiler:     at transUrl (@ctcommon/ctimage|@ctcommon/ctimage|8.94.6-beta.20260729205823|src/main/ets/image/util/CTImageLoader.ts:46:43)
08-06 17:55:00.575 16782 16782 E C03F00/com.ctrip.harmonynext/ArkCompiler:     at configCommonParams (@ctcommon/ctimage|@ctcommon/ctimage|8.94.6-beta.20260729205823|src/main/ets/image/CTImage.ts:421:27)
08-06 17:55:00.575 16782 16782 E C03F00/com.ctrip.harmonynext/ArkCompiler:     at configBeforeShow (@ctcommon/ctimage|@ctcommon/ctimage|8.94.6-beta.20260729205823|src/main/ets/image/CTImage.ts:390:14)
08-06 17:55:00.575 16782 16782 E C03F00/com.ctrip.harmonynext/ArkCompiler:     at onImageOptionChange (@ctcommon/ctimage|@ctcommon/ctimage|8.94.6-beta.20260729205823|src/main/ets/image/CTImage.ts:172:14)
08-06 17:55:00.575 16782 16782 E C03F00/com.ctrip.harmonynext/ArkCompiler:     at viewPropertyHasChanged (/usr1/hmos_for_system/src/increment/sourcecode/out/generic_generic_arm_64only/general_all_phone_standard/obj/foundation/arkui/ace_engine/frameworks/bridge/declarative_frontend/stateMgmt.js:10269:1)
08-06 17:55:00.575 16782 16782 E C03F00/com.ctrip.harmonynext/ArkCompiler:     at notifyPropertyHasChangedPU (/usr1/hmos_for_system/src/increment/sourcecode/out/generic_generic_arm_64only/general_all_phone_standard/obj/foundation/arkui/ace_engine/frameworks/bridge/declarative_frontend/stateMgmt.js:8084:1)
08-06 17:55:00.575 16782 16782 E C03F00/com.ctrip.harmonynext/ArkCompiler:     at onTrackedObjectPropertyCompatModeHasChangedPU (/usr1/hmos_for_system/src/increment/sourcecode/out/generic_generic_arm_64only/general_all_phone_standard/obj/foundation/arkui/ace_engine/frameworks/bridge/declarative_frontend/stateMgmt.js:8329:1)
08-06 17:55:00.575 16782 16782 E C03F00/com.ctrip.harmonynext/ArkCompiler:     at anonymous (/usr1/hmos_for_system/src/increment/sourcecode/out/generic_generic_arm_64only/general_all_phone_standard/obj/foundation/arkui/ace_engine/frameworks/bridge/declarative_frontend/stateMgmt.js:2602:1)
08-06 17:55:00.575 16782 16782 E C03F00/com.ctrip.harmonynext/ArkCompiler:     at notifyObjectPropertyHasChanged (/usr1/hmos_for_system/src/increment/sourcecode/out/generic_generic_arm_64only/general_all_phone_standard/obj/foundation/arkui/ace_engine/frameworks/bridge/declarative_frontend/stateMgmt.js:2594:1)
08-06 17:55:00.575 16782 16782 E C03F00/com.ctrip.harmonynext/ArkCompiler:     at set (/usr1/hmos_for_system/src/increment/sourcecode/out/generic_generic_arm_64only/general_all_phone_standard/obj/foundation/arkui/ace_engine/frameworks/bridge/declarative_frontend/stateMgmt.js:2746:1)
08-06 17:55:00.575 16782 16782 E C03F00/com.ctrip.harmonynext/ArkCompiler:     at configCommonParams (@ctcommon/ctimage|@ctcommon/ctimage|8.94.6-beta.20260729205823|src/main/ets/image/CTImage.ts:418:1)
08-06 17:55:00.575 16782 16782 E C03F00/com.ctrip.harmonynext/ArkCompiler:     at configBeforeShow (@ctcommon/ctimage|@ctcommon/ctimage|8.94.6-beta.20260729205823|src/main/ets/image/CTImage.ts:390:14)
08-06 17:55:00.575 16782 16782 E C03F00/com.ctrip.harmonynext/ArkCompiler:     at onImageOptionChange (@ctcommon/ctimage|@ctcommon/ctimage|8.94.6-beta.20260729205823|src/main/ets/image/CTImage.ts:172:14)
08-06 17:55:00.575 16782 16782 E C03F00/com.ctrip.harmonynext/ArkCompiler:     at viewPropertyHasChanged (/usr1/hmos_for_system/src/increment/sourcecode/out/generic_generic_arm_64only/general_all_phone_standard/obj/foundation/arkui/ace_engine/frameworks/bridge/declarative_frontend/stateMgmt.js:10269
08-06 17:55:00.575 16782 16782 W C03900/com.ctrip.harmonynext/Ace: [(100000:100000:scope)] after call jsFunction hasError, empty: 0, caught: 1
08-06 17:55:00.575 16782 16782 E C01320/com.ctrip.harmonynext/JsEnv: [source_map.cpp500]stageMode sourceMaps find fail
08-06 17:55:00.575 16782 16782 E C01320/com.ctrip.harmonynext/JsEnv: [source_map.cpp500]stageMode sourceMaps find fail
08-06 17:55:00.575 16782 16782 E C01320/com.ctrip.harmonynext/JsEnv: [source_map.cpp500]stageMode sourceMaps find fail
08-06 17:55:00.575 16782 16782 E C01320/com.ctrip.harmonynext/JsEnv: [source_map.cpp500]stageMode sourceMaps find fail
08-06 17:55:00.575 16782 16782 E C01320/com.ctrip.harmonynext/JsEnv: [source_map.cpp500]stageMode sourceMaps find fail
08-06 17:55:00.575 16782 16782 E C01320/com.ctrip.harmonynext/JsEnv: [source_map.cpp500]stageMode sourceMaps find fail
08-06 17:55:00.575 16782 16782 E C01320/com.ctrip.harmonynext/JsEnv: [source_map.cpp500]stageMode sourceMaps find fail
08-06 17:55:00.575 16782 16782 E C01320/com.ctrip.harmonynext/JsEnv: [source_map.cpp500]stageMode sourceMaps find fail
08-06 17:55:00.575 16782 16782 E C01320/com.ctrip.harmonynext/JsEnv: [source_map.cpp500]stageMode sourceMaps find fail
08-06 17:55:00.575 16782 16782 E C01320/com.ctrip.harmonynext/JsEnv: [source_map.cpp500]stageMode sourceMaps find fail
08-06 17:55:00.575 16782 16782 E C01320/com.ctrip.harmonynext/JsEnv: [source_map.cpp500]stageMode sourceMaps find fail
08-06 17:55:00.575 16782 16782 E C01320/com.ctrip.harmonynext/JsEnv: [source_map.cpp500]stageMode sourceMaps find fail
08-06 17:55:00.575 16782 16782 E C01320/com.ctrip.harmonynext/JsEnv: [source_map.cpp500]stageMode sourceMaps find fail
08-06 17:55:00.575 16782 16782 E C01320/com.ctrip.harmonynext/JsEnv: [source_map.cpp500]stageMode sourceMaps find fail
08-06 17:55:00.575 16782 16782 E C01320/com.ctrip.harmonynext/JsEnv: [source_map.cpp500]stageMode sourceMaps find fail
08-06 17:55:00.575 16782 16782 E C01320/com.ctrip.harmonynext/JsEnv: [source_map.cpp500]stageMode sourceMaps find fail
08-06 17:55:00.575 16782 16782 E C01320/com.ctrip.harmonynext/JsEnv: [source_map.cpp500]stageMode sourceMaps find fail
08-06 17:55:00.575 16782 16782 E C01320/com.ctrip.harmonynext/JsEnv: [source_map.cpp500]stageMode sourceMaps find fail
08-06 17:55:00.575 16782 16782 E C01320/com.ctrip.harmonynext/JsEnv: [source_map.cpp500]stageMode sourceMaps find fail
08-06 17:55:00.575 16782 16782 E C01320/com.ctrip.harmonynext/JsEnv: [source_map.cpp500]stageMode sourceMaps find fail
08-06 17:55:00.575 16782 16782 E C01320/com.ctrip.harmonynext/JsEnv: [source_map.cpp500]stageMode sourceMaps find fail
08-06 17:55:00.575 16782 16782 E C01320/com.ctrip.harmonynext/JsEnv: [source_map.cpp500]stageMode sourceMaps find fail
08-06 17:55:00.575 16782 16782 E C01320/com.ctrip.harmonynext/JsEnv: [source_map.cpp500]stageMode sourceMaps find fail
08-06 17:55:00.575 16782 16782 E C01320/com.ctrip.harmonynext/JsEnv: [source_map.cpp500]stageMode sourceMaps find fail
08-06 17:55:00.575 16782 16782 E C01320/com.ctrip.harmonynext/JsEnv: [source_map.cpp500]stageMode sourceMaps find fail
08-06 17:55:00.575 16782 16782 E C01320/com.ctrip.harmonynext/JsEnv: [source_map.cpp500]stageMode sourceMaps find fail
08-06 17:55:00.575 16782 16782 E C01320/com.ctrip.harmonynext/JsEnv: [source_map.cpp500]stageMode sourceMaps find fail
08-06 17:55:00.575 16782 16782 E C01320/com.ctrip.harmonynext/JsEnv: [source_map.cpp500]stageMode sourceMaps find fail
08-06 17:55:00.575 16782 16782 E C01320/com.ctrip.harmonynext/JsEnv: [source_map.cpp500]stageMode sourceMaps find fail
08-06 17:55:00.575 16782 16782 E C01320/com.ctrip.harmonynext/JsEnv: [source_map.cpp500]stageMode sourceMaps find fail
08-06 17:55:00.575 16782 16782 E C01320/com.ctrip.harmonynext/JsEnv: [source_map.cpp500]stageMode sourceMaps find fail
08-06 17:55:00.576 16782 16782 E C01320/com.ctrip.harmonynext/JsEnv: [source_map.cpp500]stageMode sourceMaps find fail
08-06 17:55:00.576 16782 16782 E C01320/com.ctrip.harmonynext/JsEnv: [source_map.cpp500]stageMode sourceMaps find fail
08-06 17:55:00.576 16782 16782 E C01320/com.ctrip.harmonynext/JsEnv: [source_map.cpp500]stageMode sourceMaps find fail
08-06 17:55:00.576 16782 16782 E C01320/com.ctrip.harmonynext/JsEnv: [source_map.cpp500]stageMode sourceMaps find fail
08-06 17:55:00.576 16782 16782 E C01320/com.ctrip.harmonynext/JsEnv: [source_map.cpp500]stageMode sourceMaps find fail
08-06 17:55:00.576 16782 16782 E C01320/com.ctrip.harmonynext/JsEnv: [source_map.cpp500]stageMode sourceMaps find fail
08-06 17:55:00.576 16782 16782 E C01320/com.ctrip.harmonynext/JsEnv: [source_map.cpp500]stageMode sourceMaps find fail
08-06 17:55:00.576 16782 16782 E C01320/com.ctrip.harmonynext/JsEnv: [source_map.cpp500]stageMode sourceMaps find fail
08-06 17:55:00.576 16782 16782 E C01320/com.ctrip.harmonynext/JsEnv: [source_map.cpp500]stageMode sourceMaps find fail
08-06 17:55:00.576 16782 16782 E C01320/com.ctrip.harmonynext/JsEnv: [source_map.cpp500]stageMode sourceMaps find fail
08-06 17:55:00.576 16782 16782 E C01320/com.ctrip.harmonynext/JsEnv: [source_map.cpp500]stageMode sourceMaps find fail
08-06 17:55:00.576 16782 16782 E C01320/com.ctrip.harmonynext/JsEnv: [source_map.cpp500]stageMode sourceMaps find fail
08-06 17:55:00.576 16782 16782 E C01320/com.ctrip.harmonynext/JsEnv: [source_map.cpp500]stageMode sourceMaps find fail
08-06 17:55:00.576 16782 16782 E C01320/com.ctrip.harmonynext/JsEnv: [source_map.cpp500]stageMode sourceMaps find fail
08-06 17:55:00.576 16782 16782 E C01320/com.ctrip.harmonynext/JsEnv: [source_map.cpp500]stageMode sourceMaps find fail
08-06 17:55:00.576 16782 16782 E C01320/com.ctrip.harmonynext/JsEnv: [source_map.cpp500]stageMode sourceMaps find fail
08-06 17:55:00.576 16782 16782 E C01320/com.ctrip.harmonynext/JsEnv: [source_map.cpp500]stageMode sourceMaps find fail
08-06 17:55:00.576 16782 16782 E C01320/com.ctrip.harmonynext/JsEnv: [source_map.cpp500]stageMode sourceMaps find fail
08-06 17:55:00.576 16782 16782 E C01320/com.ctrip.harmonynext/JsEnv: [source_map.cpp500]stageMode sourceMaps find fail
08-06 17:55:00.576 16782 16782 E C01320/com.ctrip.harmonynext/JsEnv: [source_map.cpp500]stageMode sourceMaps find fail
08-06 17:55:00.576 16782 16782 E C01320/com.ctrip.harmonynext/JsEnv: [source_map.cpp500]stageMode sourceMaps find fail
08-06 17:55:00.576 16782 16782 E C01320/com.ctrip.harmonynext/JsEnv: [source_map.cpp500]stageMode sourceMaps find fail
08-06 17:55:00.576 16782 16782 E C01320/com.ctrip.harmonynext/JsEnv: [source_map.cpp500]stageMode sourceMaps find fail
08-06 17:55:00.576 16782 16782 E C01320/com.ctrip.harmonynext/JsEnv: [source_map.cpp500]stageMode sourceMaps find fail
08-06 17:55:00.576 16782 16782 E C01320/com.ctrip.harmonynext/JsEnv: [source_map.cpp500]stageMode sourceMaps find fail
08-06 17:55:00.576 16782 16782 E C01320/com.ctrip.harmonynext/JsEnv: [source_map.cpp500]stageMode sourceMaps find fail
08-06 17:55:00.576 16782 16782 E C01320/com.ctrip.harmonynext/JsEnv: [source_map.cpp500]stageMode sourceMaps find fail
08-06 17:55:00.576 16782 16782 E C01320/com.ctrip.harmonynext/JsEnv: [source_map.cpp500]stageMode sourceMaps find fail
08-06 17:55:00.576 16782 16782 E C01320/com.ctrip.harmonynext/JsEnv: [source_map.cpp500]stageMode sourceMaps find fail
08-06 17:55:00.576 16782 16782 E C01320/com.ctrip.harmonynext/JsEnv: [source_map.cpp500]stageMode sourceMaps find fail
08-06 17:55:00.576 16782 16782 E C01320/com.ctrip.harmonynext/JsEnv: [source_map.cpp500]stageMode sourceMaps find fail
08-06 17:55:00.576 16782 16782 E C01320/com.ctrip.harmonynext/JsEnv: [source_map.cpp500]stageMode sourceMaps find fail
08-06 17:55:00.576 16782 16782 E C01320/com.ctrip.harmonynext/JsEnv: [source_map.cpp500]stageMode sourceMaps find fail
08-06 17:55:00.576 16782 16782 E C01320/com.ctrip.harmonynext/JsEnv: [source_map.cpp500]stageMode sourceMaps find fail
08-06 17:55:00.576 16782 16782 E C01320/com.ctrip.harmonynext/JsEnv: [source_map.cpp500]stageMode sourceMaps find fail
08-06 17:55:00.576 16782 16782 E C01320/com.ctrip.harmonynext/JsEnv: [source_map.cpp500]stageMode sourceMaps find fail
08-06 17:55:00.576 16782 16782 E C01320/com.ctrip.harmonynext/JsEnv: [source_map.cpp500]stageMode sourceMaps find fail
08-06 17:55:00.576 16782 16782 E C01320/com.ctrip.harmonynext/JsEnv: [source_map.cpp500]stageMode sourceMaps find fail
08-06 17:55:00.576 16782 16782 E C01320/com.ctrip.harmonynext/JsEnv: [source_map.cpp500]stageMode sourceMaps find fail
08-06 17:55:00.576 16782 16782 E C01320/com.ctrip.harmonynext/JsEnv: [source_map.cpp500]stageMode sourceMaps find fail
08-06 17:55:00.576 16782 16782 E C01320/com.ctrip.harmonynext/JsEnv: [source_map.cpp500]stageMode sourceMaps find fail
08-06 17:55:00.576 16782 16782 E C01320/com.ctrip.harmonynext/JsEnv: [source_map.cpp500]stageMode sourceMaps find fail
08-06 17:55:00.576 16782 16782 E C01320/com.ctrip.harmonynext/JsEnv: [source_map.cpp500]stageMode sourceMaps find fail
08-06 17:55:00.576 16782 16782 E C01320/com.ctrip.harmonynext/JsEnv: [source_map.cpp500]stageMode sourceMaps find fail
08-06 17:55:00.576 16782 16782 E C01320/com.ctrip.harmonynext/JsEnv: [source_map.cpp500]stageMode sourceMaps find fail
08-06 17:55:00.576 16782 16782 E C01320/com.ctrip.harmonynext/JsEnv: [source_map.cpp500]stageMode sourceMaps find fail
08-06 17:55:00.576 16782 16782 E C01320/com.ctrip.harmonynext/JsEnv: [source_map.cpp500]stageMode sourceMaps find fail
08-06 17:55:00.576 16782 16782 E C01320/com.ctrip.harmonynext/JsEnv: [source_map.cpp500]stageMode sourceMaps find fail
08-06 17:55:00.576 16782 16782 E C01320/com.ctrip.harmonynext/JsEnv: [source_map.cpp500]stageMode sourceMaps find fail
08-06 17:55:00.576 16782 16782 E C01320/com.ctrip.harmonynext/JsEnv: [source_map.cpp500]stageMode sourceMaps find fail
08-06 17:55:00.576 16782 16782 E C01320/com.ctrip.harmonynext/JsEnv: [source_map.cpp500]stageMode sourceMaps find fail
08-06 17:55:00.576 16782 16782 E C01320/com.ctrip.harmonynext/JsEnv: [source_map.cpp500]stageMode sourceMaps find fail
08-06 17:55:00.576 16782 16782 E C01320/com.ctrip.harmonynext/JsEnv: [source_map.cpp500]stageMode sourceMaps find fail
08-06 17:55:00.576 16782 16782 E C01320/com.ctrip.harmonynext/JsEnv: [source_map.cpp500]stageMode sourceMaps find fail
08-06 17:55:00.576 16782 16782 E C01320/com.ctrip.harmonynext/JsEnv: [source_map.cpp500]stageMode sourceMaps find fail
08-06 17:55:00.576 16782 16782 E C01320/com.ctrip.harmonynext/JsEnv: [source_map.cpp500]stageMode sourceMaps find fail
08-06 17:55:00.576 16782 16782 E C01320/com.ctrip.harmonynext/JsEnv: [source_map.cpp500]stageMode sourceMaps find fail
08-06 17:55:00.576 16782 16782 E C01320/com.ctrip.harmonynext/JsEnv: [source_map.cpp500]stageMode sourceMaps find fail
08-06 17:55:00.576 16782 16782 E C01320/com.ctrip.harmonynext/JsEnv: [source_map.cpp500]stageMode sourceMaps find fail
08-06 17:55:00.576 16782 16782 E C01320/com.ctrip.harmonynext/JsEnv: [source_map.cpp500]stageMode sourceMaps find fail
08-06 17:55:00.576 16782 16782 E C01320/com.ctrip.harmonynext/JsEnv: [source_map.cpp500]stageMode sourceMaps find fail
08-06 17:55:00.576 16782 16782 E C01320/com.ctrip.harmonynext/JsEnv: [source_map.cpp500]stageMode sourceMaps find fail
08-06 17:55:00.576 16782 16782 E C01320/com.ctrip.harmonynext/JsEnv: [source_map.cpp500]stageMode sourceMaps find fail
08-06 17:55:00.576 16782 16782 E C01320/com.ctrip.harmonynext/JsEnv: [source_map.cpp500]stageMode sourceMaps find fail
08-06 17:55:00.576 16782 16782 E C01320/com.ctrip.harmonynext/JsEnv: [source_map.cpp500]stageMode sourceMaps find fail
08-06 17:55:00.576 16782 16782 E C01320/com.ctrip.harmonynext/JsEnv: [source_map.cpp500]stageMode sourceMaps find fail
08-06 17:55:00.576 16782 16782 E C01320/com.ctrip.harmonynext/JsEnv: [source_map.cpp500]stageMode sourceMaps find fail
08-06 17:55:00.576 16782 16782 E C01320/com.ctrip.harmonynext/JsEnv: [source_map.cpp500]stageMode sourceMaps find fail
08-06 17:55:00.576 16782 16782 E C01320/com.ctrip.harmonynext/JsEnv: [source_map.cpp500]stageMode sourceMaps find fail
08-06 17:55:00.576 16782 16782 E C01320/com.ctrip.harmonynext/JsEnv: [source_map.cpp500]stageMode sourceMaps find fail
08-06 17:55:00.576 16782 16782 E C01320/com.ctrip.harmonynext/JsEnv: [source_map.cpp500]stageMode sourceMaps find fail
08-06 17:55:00.576 16782 16782 E C01320/com.ctrip.harmonynext/JsEnv: [source_map.cpp500]stageMode sourceMaps find fail
08-06 17:55:00.576 16782 16782 E C01320/com.ctrip.harmonynext/JsEnv: [source_map.cpp500]stageMode sourceMaps find fail
08-06 17:55:00.576 16782 16782 E C01320/com.ctrip.harmonynext/JsEnv: [source_map.cpp500]stageMode sourceMaps find fail
08-06 17:55:00.576 16782 16782 E C01320/com.ctrip.harmonynext/JsEnv: [source_map.cpp500]stageMode sourceMaps find fail
08-06 17:55:00.576 16782 16782 E C01320/com.ctrip.harmonynext/JsEnv: [source_map.cpp500]stageMode sourceMaps find fail
08-06 17:55:00.576 16782 16782 E C01320/com.ctrip.harmonynext/JsEnv: [source_map.cpp500]stageMode sourceMaps find fail
08-06 17:55:00.576 16782 16782 E C01320/com.ctrip.harmonynext/JsEnv: [source_map.cpp500]stageMode sourceMaps find fail
08-06 17:55:00.576 16782 16782 E C01320/com.ctrip.harmonynext/JsEnv: [source_map.cpp500]stageMode sourceMaps find fail
08-06 17:55:00.576 16782 16782 E C01320/com.ctrip.harmonynext/JsEnv: [source_map.cpp500]stageMode sourceMaps find fail
08-06 17:55:00.576 16782 16782 E C01320/com.ctrip.harmonynext/JsEnv: [source_map.cpp500]stageMode sourceMaps find fail
08-06 17:55:00.576 16782 16782 E C01320/com.ctrip.harmonynext/JsEnv: [source_map.cpp500]stageMode sourceMaps find fail
08-06 17:55:00.576 16782 16782 E C01320/com.ctrip.harmonynext/JsEnv: [source_map.cpp500]stageMode sourceMaps find fail
08-06 17:55:00.576 16782 16782 E C01320/com.ctrip.harmonynext/JsEnv: [source_map.cpp500]stageMode sourceMaps find fail
08-06 17:55:00.576 16782 16782 E C01320/com.ctrip.harmonynext/JsEnv: [source_map.cpp500]stageMode sourceMaps find fail
08-06 17:55:00.576 16782 16782 E C01320/com.ctrip.harmonynext/JsEnv: [source_map.cpp500]stageMode sourceMaps find fail
08-06 17:55:00.576 16782 16782 E C01320/com.ctrip.harmonynext/JsEnv: [source_map.cpp500]stageMode sourceMaps find fail
08-06 17:55:00.576 16782 16782 E C01320/com.ctrip.harmonynext/JsEnv: [source_map.cpp500]stageMode sourceMaps find fail
08-06 17:55:00.576 16782 16782 E C01320/com.ctrip.harmonynext/JsEnv: [source_map.cpp500]stageMode sourceMaps find fail
08-06 17:55:00.576 16782 16782 E C01320/com.ctrip.harmonynext/JsEnv: [source_map.cpp500]stageMode sourceMaps find fail
08-06 17:55:00.576 16782 16782 E C01320/com.ctrip.harmonynext/JsEnv: [source_map.cpp500]stageMode sourceMaps find fail
08-06 17:55:00.576 16782 16782 E C01320/com.ctrip.harmonynext/JsEnv: [source_map.cpp500]stageMode sourceMaps find fail
08-06 17:55:00.576 16782 16782 E C01320/com.ctrip.harmonynext/JsEnv: [source_map.cpp500]stageMode sourceMaps find fail
08-06 17:55:00.576 16782 16782 E C01320/com.ctrip.harmonynext/JsEnv: [source_map.cpp500]stageMode sourceMaps find fail
08-06 17:55:00.576 16782 16782 E C01320/com.ctrip.harmonynext/JsEnv: [source_map.cpp500]stageMode sourceMaps find fail
08-06 17:55:00.576 16782 16782 E C01320/com.ctrip.harmonynext/JsEnv: [source_map.cpp500]stageMode sourceMaps find fail
08-06 17:55:00.576 16782 16782 E C01320/com.ctrip.harmonynext/JsEnv: [source_map.cpp500]stageMode sourceMaps find fail
08-06 17:55:00.576 16782 16782 E C01320/com.ctrip.harmonynext/JsEnv: [source_map.cpp500]stageMode sourceMaps find fail
08-06 17:55:00.576 16782 16782 E C01320/com.ctrip.harmonynext/JsEnv: [source_map.cpp500]stageMode sourceMaps find fail
08-06 17:55:00.576 16782 16782 E C01320/com.ctrip.harmonynext/JsEnv: [source_map.cpp500]stageMode sourceMaps find fail
08-06 17:55:00.576 16782 16782 E C01320/com.ctrip.harmonynext/JsEnv: [source_map.cpp500]stageMode sourceMaps find fail
08-06 17:55:00.576 16782 16782 E C01320/com.ctrip.harmonynext/JsEnv: [source_map.cpp500]stageMode sourceMaps find fail
08-06 17:55:00.576 16782 16782 E C01320/com.ctrip.harmonynext/JsEnv: [source_map.cpp500]stageMode sourceMaps find fail
08-06 17:55:00.576 16782 16782 E C01320/com.ctrip.harmonynext/JsEnv: [source_map.cpp500]stageMode sourceMaps find fail
08-06 17:55:00.576 16782 16782 E C01320/com.ctrip.harmonynext/JsEnv: [source_map.cpp500]stageMode sourceMaps find fail
08-06 17:55:00.576 16782 16782 E C01320/com.ctrip.harmonynext/JsEnv: [source_map.cpp500]stageMode sourceMaps find fail
08-06 17:55:00.576 16782 16782 E C01320/com.ctrip.harmonynext/JsEnv: [source_map.cpp500]stageMode sourceMaps find fail
08-06 17:55:00.576 16782 16782 E C01320/com.ctrip.harmonynext/JsEnv: [source_map.cpp500]stageMode sourceMaps find fail
08-06 17:55:00.576 16782 16782 E C01320/com.ctrip.harmonynext/JsEnv: [source_map.cpp500]stageMode sourceMaps find fail
08-06 17:55:00.576 16782 16782 E C01320/com.ctrip.harmonynext/JsEnv: [source_map.cpp500]stageMode sourceMaps find fail
08-06 17:55:00.576 16782 16782 E C01320/com.ctrip.harmonynext/JsEnv: [source_map.cpp500]stageMode sourceMaps find fail
08-06 17:55:00.576 16782 16782 E C01320/com.ctrip.harmonynext/JsEnv: [source_map.cpp500]stageMode sourceMaps find fail
08-06 17:55:00.576 16782 16782 E C01320/com.ctrip.harmonynext/JsEnv: [source_map.cpp500]stageMode sourceMaps find fail
08-06 17:55:00.576 16782 16782 E C01320/com.ctrip.harmonynext/JsEnv: [source_map.cpp500]stageMode sourceMaps find fail
08-06 17:55:00.576 16782 16782 E C01320/com.ctrip.harmonynext/JsEnv: [source_map.cpp500]stageMode sourceMaps find fail
08-06 17:55:00.576 16782 16782 E C01320/com.ctrip.harmonynext/JsEnv: [source_map.cpp500]stageMode sourceMaps find fail
08-06 17:55:00.576 16782 16782 E C01320/com.ctrip.harmonynext/JsEnv: [source_map.cpp500]stageMode sourceMaps find fail
08-06 17:55:00.576 16782 16782 E C01320/com.ctrip.harmonynext/JsEnv: [source_map.cpp500]stageMode sourceMaps find fail
08-06 17:55:00.576 16782 16782 E C01320/com.ctrip.harmonynext/JsEnv: [source_map.cpp500]stageMode sourceMaps find fail
08-06 17:55:00.576 16782 16782 E C01320/com.ctrip.harmonynext/JsEnv: [source_map.cpp500]stageMode sourceMaps find fail
08-06 17:55:00.576 16782 16782 E C01320/com.ctrip.harmonynext/JsEnv: [source_map.cpp500]stageMode sourceMaps find fail
08-06 17:55:00.576 16782 16782 E C01320/com.ctrip.harmonynext/JsEnv: [source_map.cpp500]stageMode sourceMaps find fail
08-06 17:55:00.576 16782 16782 E C01320/com.ctrip.harmonynext/JsEnv: [source_map.cpp500]stageMode sourceMaps find fail
08-06 17:55:00.578 16782 16782 E C01317/com.ctrip.harmonynext/AppKit: [MTHRD2294]
08-06 17:55:00.578 16782 16782 E C01317/com.ctrip.harmonynext/AppKit: com.ctrip.harmonynext is about to exit due to RuntimeError
08-06 17:55:00.578 16782 16782 E C01317/com.ctrip.harmonynext/AppKit: Error type:RangeError
08-06 17:55:00.578 16782 16782 E C01317/com.ctrip.harmonynext/AppKit: Error name:RangeError
08-06 17:55:00.578 16782 16782 E C01317/com.ctrip.harmonynext/AppKit: Error message:Stack overflow!
08-06 17:55:00.578 16782 16782 E C01317/com.ctrip.harmonynext/AppKit: Stacktrace:
08-06 17:55:00.578 16782 16782 E C01317/com.ctrip.harmonynext/AppKit: Cannot get SourceMap info, dump raw stack:
08-06 17:55:00.578 16782 16782 E C01317/com.ctrip.harmonynext/AppKit:     at xlgEnable (@ctcommon/ctfoundation|@ctcommon/ctfoundation|8.94.6-beta.20260727152537|src/main/ets/utils/LogUtil.ts:63:1)
08-06 17:55:00.578 16782 16782 E C01317/com.ctrip.harmonynext/AppKit:     at isCanShowLog (@ctcommon/ctfoundation|@ctcommon/ctfoundation|8.94.6-beta.20260727152537|src/main/ets/utils/LogUtil.ts:47:45)
08-06 17:55:00.578 16782 16782 E C01317/com.ctrip.harmonynext/AppKit:     at canPrintConsole (@ctcommon/ctfoundation|@ctcommon/ctfoundation|8.94.6-beta.20260727152537|src/main/ets/utils/LogUtil.ts:126:46)
08-06 17:55:00.578 16782 16782 E C01317/com.ctrip.harmonynext/AppKit:     at printConsole (@ctcommon/ctfoundation|@ctcommon/ctfoundation|8.94.6-beta.20260727152537|src/main/ets/utils/LogUtil.ts:98:21)
08-06 17:55:00.578 16782 16782 E C01317/com.ctrip.harmonynext/AppKit:     at debug (@ctcommon/ctfoundation|@ctcommon/ctfoundation|8.94.6-beta.20260727152537|src/main/ets/utils/LogUtil.ts:65:1)
08-06 17:55:00.578 16782 16782 E C01317/com.ctrip.harmonynext/AppKit:     at initMCDHosts (@ctcommon/ctimage|@ctcommon/ctimage|8.94.6-beta.20260729205823|src/main/ets/image/util/CTImageLoaderUrlTransSupportUtil.ts:109:17)
08-06 17:55:00.578 16782 16782 E C01317/com.ctrip.harmonynext/AppKit:     at getTransHostList (@ctcommon/ctimage|@ctcommon/ctimage|8.94.6-beta.20260729205823|src/main/ets/image/util/CTImageLoaderUrlTransSupportUtil.ts:50:42)
08-06 17:55:00.578 16782 16782 E C01317/com.ctrip.harmonynext/AppKit:     at isUrlHostSupportTrans (@ctcommon/ctimage|@ctcommon/ctimage|8.94.6-beta.20260729205823|src/main/ets/image/util/CTImageLoaderUrlTransSupportUtil.ts:17:75)
08-06 17:55:00.578 16782 16782 E C01317/com.ctrip.harmonynext/AppKit:     at isSupportAvifUrl (@ctcommon/ctimage|@ctcommon/ctimage|8.94.6-beta.20260729205823|src/main/ets/image/util/CTAVifSupportUtils.ts:106:46)
08-06 17:55:00.578 16782 16782 E C01317/com.ctrip.harmonynext/AppKit:     at getAvifUrlMaybeNull (@ctcommon/ctimage|@ctcommon/ctimage|8.94.6-beta.20260729205823|src/main/ets/image/util/CTAVifSupportUtils.ts:24:32)
08-06 17:55:00.578 16782 16782 E C01317/com.ctrip.harmonynext/AppKit:     at transUrl (@ctcommon/ctimage|@ctcommon/ctimage|8.94.6-beta.20260729205823|src/main/ets/image/util/CTImageUrlTransUtil.ts:28:38)
08-06 17:55:00.578 16782 16782 E C01317/com.ctrip.harmonynext/AppKit:     at transUrl (@ctcommon/ctimage|@ctcommon/ctimage|8.94.6-beta.20260729205823|src/main/ets/image/util/CTImageLoader.ts:46:43)
08-06 17:55:00.578 16782 16782 E C01317/com.ctrip.harmonynext/AppKit:     at configCommonParams (@ctcommon/ctimage|@ctcommon/ctimage|8.94.6-beta.20260729205823|src/main/ets/image/CTImage.ts:421:27)
08-06 17:55:00.578 16782 16782 E C01317/com.ctrip.harmonynext/AppKit:     at configBeforeShow (@ctcommon/ctimage|@ctcommon/ctimage|8.94.6-beta.20260729205823|src/main/ets/image/CTImage.ts:390:14)
08-06 17:55:00.578 16782 16782 E C01317/com.ctrip.harmonynext/AppKit:     at onImageOptionChange (@ctcommon/ctimage|@ctcommon/ctimage|8.94.6-beta.20260729205823|src/main/ets/image/CTImage.ts:172:14)
08-06 17:55:00.578 16782 16782 E C01317/com.ctrip.harmonynext/AppKit:     at viewPropertyHasChanged (/usr1/hmos_for_system/src/increment/sourcecode/out/generic_generic_arm_64only/general_all_phone_standard/obj/foundation/arkui/ace_engine/frameworks/bridge/declarative_frontend/stateMgmt.js:10269:1)
08-06 17:55:00.578 16782 16782 E C01317/com.ctrip.harmonynext/AppKit:     at notifyPropertyHasChangedPU (/usr1/hmos_for_system/src/increment/sourcecode/out/generic_generic_arm_64only/general_all_phone_standard/obj/foundation/arkui/ace_engine/frameworks/bridge/declarative_frontend/stateMgmt.js:8084:1)
08-06 17:55:00.578 16782 16782 E C01317/com.ctrip.harmonynext/AppKit:     at onTrackedObjectPropertyCompatModeHasChangedPU (/usr1/hmos_for_system/src/increment/sourcecode/out/generic_generic_arm_64only/general_all_phone_standard/obj/foundation/arkui/ace_engine/frameworks/bridge/declarative_frontend/stateMgmt.js:8329:1)
08-06 17:55:00.578 16782 16782 E C01317/com.ctrip.harmonynext/AppKit:     at anonymous (/usr1/hmos_for_system/src/increment/sourcecode/out/generic_generic_arm_64only/general_all_phone_standard/obj/foundation/arkui/ace_engine/frameworks/bridge/declarative_frontend/stateMgmt.js:2602:1)
08-06 17:55:00.578 16782 16782 E C01317/com.ctrip.harmonynext/AppKit:     at notifyObjectPropertyHasChanged (/usr1/hmos_for_system/src/increment/sourcecode/out/generic_generic_arm_64only/general_all_phone_standard/obj/foundation/arkui/ace_engine/frameworks/bridge/declarative_frontend/stateMgmt.js:2594:1)
08-06 17:55:00.578 16782 16782 E C01317/com.ctrip.harmonynext/AppKit:     at set (/usr1/hmos_for_system/src/increment/sourcecode/out/generic_generic_arm_64only/general_all_phone_standard/obj/foundation/arkui/ace_engine/frameworks/bridge/declarative_frontend/stateMgmt.js:2746:1)
08-06 17:55:00.578 16782 16782 E C01317/com.ctrip.harmonynext/AppKit:     at configCommonParams (@ctcommon/ctimage|@ctcommon/ctimage|8.94.6-beta.20260729205823|src/main/ets/image/CTImage.ts:418:1)
08-06 17:55:00.578 16782 16782 E C01317/com.ctrip.harmonynext/AppKit:     at configBeforeShow (@ctcommon/ctimage|@ctcommon/ctimage|8.94.6-beta.20260729205823|src/main/ets/image/CTImage.ts:390:14)
08-06 17:55:00.578 16782 16782 E C01317/com.ctrip.harmonynext/AppKit:     at onImageOptionChange (@ctcommon/ctimage|@ctcommon/ctimage|8.94.6-beta.20260729205823|src/main/ets/image/CTImage.ts:172:14)
08-06 17:55:00.578 16782 16782 E C01317/com.ctrip.harmonynext/AppKit:     at viewPropertyHasChanged (/usr1/hmos_for_system/src/increment/sourcecode/out/generic_generi
08-06 17:55:00.578 16782 16782 I C01336/com.ctrip.harmonynext/AMS: [AMC1916]RecordAppWithReason pid:16782, uid:20020314, killId:2003
08-06 17:55:00.578 16782 16782 W C01317/com.ctrip.harmonynext/AppKit: [MTHRD2301]Record result=0, send event [FRAMEWORK,PROCESS_KILL,JS_ERROR], pid=16782, processName=com.ctrip.harmonynext, msg=Kill Reason:Js Error, foreground=1, isUncatchable=0
08-06 17:55:00.578 16782 16782 I C01317/com.ctrip.harmonynext/AppKit: [application_data_manager.cpp209]main thread
08-06 17:55:00.578 16782 16782 I C01324/com.ctrip.harmonynext/JsNapi: [js_error_manager.cpp330]call func: onUnhandledException
08-06 17:55:00.579 16782 16782 I C01324/com.ctrip.harmonynext/JsNapi: [js_error_manager.cpp330]call func: onException
08-06 17:55:00.579 16782 16782 I C01324/com.ctrip.harmonynext/JsNapi: [js_error_manager.cpp586]not register defaultHandler callback
08-06 17:55:00.579 16782 16782 I C01317/com.ctrip.harmonynext/AppKit: [application_data_manager.cpp212]Complete all callbacks
08-06 17:55:00.586 16782 16782 I A03D00/com.ctrip.harmonynext/JSAPP: ctTrace_1 msg:CTTrace::HTTP::handleRequesttaskID:1786010100586
08-06 17:55:00.587 16782 16782 I A03D00/com.ctrip.harmonynext/JSAPP: ctTrace_2 msg:CTTrace::HTTP::handleRequesttaskID:1786010100586
08-06 17:55:00.587 16782 16782 I A03D00/com.ctrip.harmonynext/JSAPP: cache cacheAdapterEnhancer
08-06 17:55:00.590 16782 17213 I C0393A/com.ctrip.harmonynext/DownloadManager: [(100000:100000:scope)] DownloadManager GetInstance
08-06 17:55:00.590 16782 17213 I C01C50/com.ctrip.harmonynext/PreloadNative: apply ram 753 for a19ea087c745b9cf
08-06 17:55:00.590 16782 17213 W C02B60/com.ctrip.harmonynext/AvifDecoderImpl: InitFrameInfo width : 48, height : 48
08-06 17:55:00.590 16782 16782 W C01408/com.ctrip.harmonynext/Text: generatePaintRegion: Call generatePaintRegion when paragraph is not formatted
08-06 17:55:00.591 16782 16782 W C01408/com.ctrip.harmonynext/Text: generatePaintRegion: Call generatePaintRegion when paragraph is not formatted
08-06 17:55:00.591 16782 17213 I C02B61/com.ctrip.harmonynext/ImageSource: CreatePixelMap success, id:1786010100590608,dSize:(0,0),srcSize: (42,42),dHdr:1,sHdr:1,memType: 4,cost 504 us
08-06 17:55:00.605 16782 17137 W C02B60/com.ctrip.harmonynext/AvifDecoderImpl: InitFrameInfo width : 48, height : 48
08-06 17:55:00.606 16782 16782 W C0392D/com.ctrip.harmonynext/AceLazyForEach: [(100000:100000:scope)] Use repeat key for index: 7
08-06 17:55:00.606 16782 17137 I C02B61/com.ctrip.harmonynext/ImageSource: CreatePixelMap success, id:1786010100605712,dSize:(0,0),srcSize: (48,48),dHdr:1,sHdr:1,memType: 4,cost 623 us
08-06 17:55:00.610 16782 16782 I C03900/com.ctrip.harmonynext/ARKTS-INTEROP: ArkTsValuetoNapiValue start
08-06 17:55:00.610 16782 16782 I C03900/com.ctrip.harmonynext/ARKTS-INTEROP: IsStageMode start
08-06 17:55:00.610 16782 16782 I C03900/com.ctrip.harmonynext/ARKTS-INTEROP: IsStageMode true
08-06 17:55:00.610 16782 16782 I C03900/com.ctrip.harmonynext/ARKTS-INTEROP: GetContextStageMode start
08-06 17:55:00.610 16782 16782 I C03900/com.ctrip.harmonynext/ARKTS-INTEROP: GetContextStageMode success
08-06 17:55:00.610 16782 16782 I C03900/com.ctrip.harmonynext/ARKTS-INTEROP: ArkTsValuetoNapiValue start
08-06 17:55:00.610 16782 16782 I C03900/com.ctrip.harmonynext/ARKTS-INTEROP: IsStageMode start
08-06 17:55:00.610 16782 16782 I C03900/com.ctrip.harmonynext/ARKTS-INTEROP: IsStageMode true
08-06 17:55:00.610 16782 16782 I C03900/com.ctrip.harmonynext/ARKTS-INTEROP: GetContextStageMode start
08-06 17:55:00.610 16782 16782 I C03900/com.ctrip.harmonynext/ARKTS-INTEROP: GetContextStageMode success
08-06 17:55:00.640 16782 16782 E C03F00/com.ctrip.harmonynext/ArkCompiler: [ecmascript] Stack overflow! current:541237106816 limit:541237106992 current frame: 0x7e043ed8d0
08-06 17:55:00.642 16782 16782 W C03F00/com.ctrip.harmonynext/ArkCompiler: [default] [Call] occur exception need return
08-06 17:55:00.642 16782 16782 E C03F00/com.ctrip.harmonynext/ArkCompiler: [ecmascript] Pending exception before ExecutePendingJob called, in line:6288, exception details as follows:
08-06 17:55:00.642 16782 16782 E C03F00/com.ctrip.harmonynext/ArkCompiler: RangeError: Stack overflow!
08-06 17:55:00.642 16782 16782 E C03F00/com.ctrip.harmonynext/ArkCompiler: Cannot get SourceMap info, dump raw stack:
08-06 17:55:00.642 16782 16782 E C03F00/com.ctrip.harmonynext/ArkCompiler:     at xlgEnable (@ctcommon/ctfoundation|@ctcommon/ctfoundation|8.94.6-beta.20260727152537|src/main/ets/utils/LogUtil.ts:63:1)
08-06 17:55:00.642 16782 16782 E C03F00/com.ctrip.harmonynext/ArkCompiler:     at isCanShowLog (@ctcommon/ctfoundation|@ctcommon/ctfoundation|8.94.6-beta.20260727152537|src/main/ets/utils/LogUtil.ts:47:45)
08-06 17:55:00.642 16782 16782 E C03F00/com.ctrip.harmonynext/ArkCompiler:     at canPrintConsole (@ctcommon/ctfoundation|@ctcommon/ctfoundation|8.94.6-beta.20260727152537|src/main/ets/utils/LogUtil.ts:126:46)
08-06 17:55:00.642 16782 16782 E C03F00/com.ctrip.harmonynext/ArkCompiler:     at printConsole (@ctcommon/ctfoundation|@ctcommon/ctfoundation|8.94.6-beta.20260727152537|src/main/ets/utils/LogUtil.ts:98:21)
08-06 17:55:00.642 16782 16782 E C03F00/com.ctrip.harmonynext/ArkCompiler:     at debug (@ctcommon/ctfoundation|@ctcommon/ctfoundation|8.94.6-beta.20260727152537|src/main/ets/utils/LogUtil.ts:65:1)
08-06 17:55:00.642 16782 16782 E C03F00/com.ctrip.harmonynext/ArkCompiler:     at initMCDHosts (@ctcommon/ctimage|@ctcommon/ctimage|8.94.6-beta.20260729205823|src/main/ets/image/util/CTImageLoaderUrlTransSupportUtil.ts:109:17)
08-06 17:55:00.642 16782 16782 E C03F00/com.ctrip.harmonynext/ArkCompiler:     at getTransHostList (@ctcommon/ctimage|@ctcommon/ctimage|8.94.6-beta.20260729205823|src/main/ets/image/util/CTImageLoaderUrlTransSupportUtil.ts:50:42)
08-06 17:55:00.642 16782 16782 E C03F00/com.ctrip.harmonynext/ArkCompiler:     at isUrlHostSupportTrans (@ctcommon/ctimage|@ctcommon/ctimage|8.94.6-beta.20260729205823|src/main/ets/image/util/CTImageLoaderUrlTransSupportUtil.ts:17:75)
08-06 17:55:00.642 16782 16782 E C03F00/com.ctrip.harmonynext/ArkCompiler:     at isSupportAvifUrl (@ctcommon/ctimage|@ctcommon/ctimage|8.94.6-beta.20260729205823|src/main/ets/image/util/CTAVifSupportUtils.ts:106:46)
08-06 17:55:00.642 16782 16782 E C03F00/com.ctrip.harmonynext/ArkCompiler:     at getAvifUrlMaybeNull (@ctcommon/ctimage|@ctcommon/ctimage|8.94.6-beta.20260729205823|src/main/ets/image/util/CTAVifSupportUtils.ts:24:32)
08-06 17:55:00.642 16782 16782 E C03F00/com.ctrip.harmonynext/ArkCompiler:     at transUrl (@ctcommon/ctimage|@ctcommon/ctimage|8.94.6-beta.20260729205823|src/main/ets/image/util/CTImageUrlTransUtil.ts:28:38)
08-06 17:55:00.642 16782 16782 E C03F00/com.ctrip.harmonynext/ArkCompiler:     at transUrl (@ctcommon/ctimage|@ctcommon/ctimage|8.94.6-beta.20260729205823|src/main/ets/image/util/CTImageLoader.ts:46:43)
08-06 17:55:00.642 16782 16782 E C03F00/com.ctrip.harmonynext/ArkCompiler:     at configCommonParams (@ctcommon/ctimage|@ctcommon/ctimage|8.94.6-beta.20260729205823|src/main/ets/image/CTImage.ts:421:27)
08-06 17:55:00.642 16782 16782 E C03F00/com.ctrip.harmonynext/ArkCompiler:     at configBeforeShow (@ctcommon/ctimage|@ctcommon/ctimage|8.94.6-beta.20260729205823|src/main/ets/image/CTImage.ts:390:14)
08-06 17:55:00.642 16782 16782 E C03F00/com.ctrip.harmonynext/ArkCompiler:     at onImageOptionChange (@ctcommon/ctimage|@ctcommon/ctimage|8.94.6-beta.20260729205823|src/main/ets/image/CTImage.ts:172:14)
08-06 17:55:00.642 16782 16782 E C03F00/com.ctrip.harmonynext/ArkCompiler:     at viewPropertyHasChanged (/usr1/hmos_for_system/src/increment/sourcecode/out/generic_generic_arm_64only/general_all_phone_standard/obj/foundation/arkui/ace_engine/frameworks/bridge/declarative_frontend/stateMgmt.js:10269:1)
08-06 17:55:00.642 16782 16782 E C03F00/com.ctrip.harmonynext/ArkCompiler:     at notifyPropertyHasChangedPU (/usr1/hmos_for_system/src/increment/sourcecode/out/generic_generic_arm_64only/general_all_phone_standard/obj/foundation/arkui/ace_engine/frameworks/bridge/declarative_frontend/stateMgmt.js:8084:1)
08-06 17:55:00.642 16782 16782 E C03F00/com.ctrip.harmonynext/ArkCompiler:     at onTrackedObjectPropertyCompatModeHasChangedPU (/usr1/hmos_for_system/src/increment/sourcecode/out/generic_generic_arm_64only/general_all_phone_standard/obj/foundation/arkui/ace_engine/frameworks/bridge/declarative_frontend/stateMgmt.js:8329:1)
08-06 17:55:00.642 16782 16782 E C03F00/com.ctrip.harmonynext/ArkCompiler:     at anonymous (/usr1/hmos_for_system/src/increment/sourcecode/out/generic_generic_arm_64only/general_all_phone_standard/obj/foundation/arkui/ace_engine/frameworks/bridge/declarative_frontend/stateMgmt.js:2602:1)
08-06 17:55:00.642 16782 16782 E C03F00/com.ctrip.harmonynext/ArkCompiler:     at notifyObjectPropertyHasChanged (/usr1/hmos_for_system/src/increment/sourcecode/out/generic_generic_arm_64only/general_all_phone_standard/obj/foundation/arkui/ace_engine/frameworks/bridge/declarative_frontend/stateMgmt.js:2594:1)
08-06 17:55:00.642 16782 16782 E C03F00/com.ctrip.harmonynext/ArkCompiler:     at set (/usr1/hmos_for_system/src/increment/sourcecode/out/generic_generic_arm_64only/general_all_phone_standard/obj/foundation/arkui/ace_engine/frameworks/bridge/declarative_frontend/stateMgmt.js:2746:1)
08-06 17:55:00.642 16782 16782 E C03F00/com.ctrip.harmonynext/ArkCompiler:     at configCommonParams (@ctcommon/ctimage|@ctcommon/ctimage|8.94.6-beta.20260729205823|src/main/ets/image/CTImage.ts:418:1)
08-06 17:55:00.642 16782 16782 E C03F00/com.ctrip.harmonynext/ArkCompiler:     at configBeforeShow (@ctcommon/ctimage|@ctcommon/ctimage|8.94.6-beta.20260729205823|src/main/ets/image/CTImage.ts:390:14)
08-06 17:55:00.642 16782 16782 E C03F00/com.ctrip.harmonynext/ArkCompiler:     at onImageOptionChange (@ctcommon/ctimage|@ctcommon/ctimage|8.94.6-beta.20260729205823|src/main/ets/image/CTImage.ts:172:14)
08-06 17:55:00.642 16782 16782 E C03F00/com.ctrip.harmonynext/ArkCompiler:     at viewPropertyHasChanged (/usr1/hmos_for_system/src/increment/sourcecode/out/generic_generic_arm_64only/general_all_phone_standard/obj/foundation/arkui/ace_engine/frameworks/bridge/declarative_frontend/stateMgmt.js:10269
08-06 17:55:00.642 16782 16782 W C03900/com.ctrip.harmonynext/Ace: [(100000:100000:scope)] after call jsFunction hasError, empty: 0, caught: 1
08-06 17:55:00.642 16782 16782 E C01320/com.ctrip.harmonynext/JsEnv: [source_map.cpp500]stageMode sourceMaps find fail
08-06 17:55:00.642 16782 16782 E C01320/com.ctrip.harmonynext/JsEnv: [source_map.cpp500]stageMode sourceMaps find fail
08-06 17:55:00.642 16782 16782 E C01320/com.ctrip.harmonynext/JsEnv: [source_map.cpp500]stageMode sourceMaps find fail
08-06 17:55:00.642 16782 16782 E C01320/com.ctrip.harmonynext/JsEnv: [source_map.cpp500]stageMode sourceMaps find fail
08-06 17:55:00.642 16782 16782 E C01320/com.ctrip.harmonynext/JsEnv: [source_map.cpp500]stageMode sourceMaps find fail
08-06 17:55:00.642 16782 16782 E C01320/com.ctrip.harmonynext/JsEnv: [source_map.cpp500]stageMode sourceMaps find fail
08-06 17:55:00.642 16782 16782 E C01320/com.ctrip.harmonynext/JsEnv: [source_map.cpp500]stageMode sourceMaps find fail
08-06 17:55:00.642 16782 16782 E C01320/com.ctrip.harmonynext/JsEnv: [source_map.cpp500]stageMode sourceMaps find fail
08-06 17:55:00.642 16782 16782 E C01320/com.ctrip.harmonynext/JsEnv: [source_map.cpp500]stageMode sourceMaps find fail
08-06 17:55:00.642 16782 16782 E C01320/com.ctrip.harmonynext/JsEnv: [source_map.cpp500]stageMode sourceMaps find fail
08-06 17:55:00.642 16782 16782 E C01320/com.ctrip.harmonynext/JsEnv: [source_map.cpp500]stageMode sourceMaps find fail
08-06 17:55:00.642 16782 16782 E C01320/com.ctrip.harmonynext/JsEnv: [source_map.cpp500]stageMode sourceMaps find fail
08-06 17:55:00.642 16782 16782 E C01320/com.ctrip.harmonynext/JsEnv: [source_map.cpp500]stageMode sourceMaps find fail
08-06 17:55:00.642 16782 16782 E C01320/com.ctrip.harmonynext/JsEnv: [source_map.cpp500]stageMode sourceMaps find fail
08-06 17:55:00.642 16782 16782 E C01320/com.ctrip.harmonynext/JsEnv: [source_map.cpp500]stageMode sourceMaps find fail
08-06 17:55:00.642 16782 16782 E C01320/com.ctrip.harmonynext/JsEnv: [source_map.cpp500]stageMode sourceMaps find fail
08-06 17:55:00.642 16782 16782 E C01320/com.ctrip.harmonynext/JsEnv: [source_map.cpp500]stageMode sourceMaps find fail
08-06 17:55:00.642 16782 16782 E C01320/com.ctrip.harmonynext/JsEnv: [source_map.cpp500]stageMode sourceMaps find fail
08-06 17:55:00.642 16782 16782 E C01320/com.ctrip.harmonynext/JsEnv: [source_map.cpp500]stageMode sourceMaps find fail
08-06 17:55:00.642 16782 16782 E C01320/com.ctrip.harmonynext/JsEnv: [source_map.cpp500]stageMode sourceMaps find fail
08-06 17:55:00.642 16782 16782 E C01320/com.ctrip.harmonynext/JsEnv: [source_map.cpp500]stageMode sourceMaps find fail
08-06 17:55:00.642 16782 16782 E C01320/com.ctrip.harmonynext/JsEnv: [source_map.cpp500]stageMode sourceMaps find fail
08-06 17:55:00.642 16782 16782 E C01320/com.ctrip.harmonynext/JsEnv: [source_map.cpp500]stageMode sourceMaps find fail
08-06 17:55:00.642 16782 16782 E C01320/com.ctrip.harmonynext/JsEnv: [source_map.cpp500]stageMode sourceMaps find fail
08-06 17:55:00.642 16782 16782 E C01320/com.ctrip.harmonynext/JsEnv: [source_map.cpp500]stageMode sourceMaps find fail
08-06 17:55:00.642 16782 16782 E C01320/com.ctrip.harmonynext/JsEnv: [source_map.cpp500]stageMode sourceMaps find fail
08-06 17:55:00.642 16782 16782 E C01320/com.ctrip.harmonynext/JsEnv: [source_map.cpp500]stageMode sourceMaps find fail
08-06 17:55:00.642 16782 16782 E C01320/com.ctrip.harmonynext/JsEnv: [source_map.cpp500]stageMode sourceMaps find fail
08-06 17:55:00.642 16782 16782 E C01320/com.ctrip.harmonynext/JsEnv: [source_map.cpp500]stageMode sourceMaps find fail
08-06 17:55:00.642 16782 16782 E C01320/com.ctrip.harmonynext/JsEnv: [source_map.cpp500]stageMode sourceMaps find fail
08-06 17:55:00.642 16782 16782 E C01320/com.ctrip.harmonynext/JsEnv: [source_map.cpp500]stageMode sourceMaps find fail
08-06 17:55:00.642 16782 16782 E C01320/com.ctrip.harmonynext/JsEnv: [source_map.cpp500]stageMode sourceMaps find fail
08-06 17:55:00.642 16782 16782 E C01320/com.ctrip.harmonynext/JsEnv: [source_map.cpp500]stageMode sourceMaps find fail
08-06 17:55:00.642 16782 16782 E C01320/com.ctrip.harmonynext/JsEnv: [source_map.cpp500]stageMode sourceMaps find fail
08-06 17:55:00.642 16782 16782 E C01320/com.ctrip.harmonynext/JsEnv: [source_map.cpp500]stageMode sourceMaps find fail
08-06 17:55:00.642 16782 16782 E C01320/com.ctrip.harmonynext/JsEnv: [source_map.cpp500]stageMode sourceMaps find fail
08-06 17:55:00.642 16782 16782 E C01320/com.ctrip.harmonynext/JsEnv: [source_map.cpp500]stageMode sourceMaps find fail
08-06 17:55:00.642 16782 16782 E C01320/com.ctrip.harmonynext/JsEnv: [source_map.cpp500]stageMode sourceMaps find fail
08-06 17:55:00.642 16782 16782 E C01320/com.ctrip.harmonynext/JsEnv: [source_map.cpp500]stageMode sourceMaps find fail
08-06 17:55:00.642 16782 16782 E C01320/com.ctrip.harmonynext/JsEnv: [source_map.cpp500]stageMode sourceMaps find fail
08-06 17:55:00.642 16782 16782 E C01320/com.ctrip.harmonynext/JsEnv: [source_map.cpp500]stageMode sourceMaps find fail
08-06 17:55:00.642 16782 16782 E C01320/com.ctrip.harmonynext/JsEnv: [source_map.cpp500]stageMode sourceMaps find fail
08-06 17:55:00.642 16782 16782 E C01320/com.ctrip.harmonynext/JsEnv: [source_map.cpp500]stageMode sourceMaps find fail
08-06 17:55:00.642 16782 16782 E C01320/com.ctrip.harmonynext/JsEnv: [source_map.cpp500]stageMode sourceMaps find fail
08-06 17:55:00.642 16782 16782 E C01320/com.ctrip.harmonynext/JsEnv: [source_map.cpp500]stageMode sourceMaps find fail
08-06 17:55:00.642 16782 16782 E C01320/com.ctrip.harmonynext/JsEnv: [source_map.cpp500]stageMode sourceMaps find fail
08-06 17:55:00.642 16782 16782 E C01320/com.ctrip.harmonynext/JsEnv: [source_map.cpp500]stageMode sourceMaps find fail
08-06 17:55:00.642 16782 16782 E C01320/com.ctrip.harmonynext/JsEnv: [source_map.cpp500]stageMode sourceMaps find fail
08-06 17:55:00.642 16782 16782 E C01320/com.ctrip.harmonynext/JsEnv: [source_map.cpp500]stageMode sourceMaps find fail
08-06 17:55:00.642 16782 16782 E C01320/com.ctrip.harmonynext/JsEnv: [source_map.cpp500]stageMode sourceMaps find fail
08-06 17:55:00.642 16782 16782 E C01320/com.ctrip.harmonynext/JsEnv: [source_map.cpp500]stageMode sourceMaps find fail
08-06 17:55:00.642 16782 16782 E C01320/com.ctrip.harmonynext/JsEnv: [source_map.cpp500]stageMode sourceMaps find fail
08-06 17:55:00.642 16782 16782 E C01320/com.ctrip.harmonynext/JsEnv: [source_map.cpp500]stageMode sourceMaps find fail
08-06 17:55:00.642 16782 16782 E C01320/com.ctrip.harmonynext/JsEnv: [source_map.cpp500]stageMode sourceMaps find fail
08-06 17:55:00.642 16782 16782 E C01320/com.ctrip.harmonynext/JsEnv: [source_map.cpp500]stageMode sourceMaps find fail
08-06 17:55:00.642 16782 16782 E C01320/com.ctrip.harmonynext/JsEnv: [source_map.cpp500]stageMode sourceMaps find fail
08-06 17:55:00.642 16782 16782 E C01320/com.ctrip.harmonynext/JsEnv: [source_map.cpp500]stageMode sourceMaps find fail
08-06 17:55:00.642 16782 16782 E C01320/com.ctrip.harmonynext/JsEnv: [source_map.cpp500]stageMode sourceMaps find fail
08-06 17:55:00.642 16782 16782 E C01320/com.ctrip.harmonynext/JsEnv: [source_map.cpp500]stageMode sourceMaps find fail
08-06 17:55:00.642 16782 16782 E C01320/com.ctrip.harmonynext/JsEnv: [source_map.cpp500]stageMode sourceMaps find fail
08-06 17:55:00.642 16782 16782 E C01320/com.ctrip.harmonynext/JsEnv: [source_map.cpp500]stageMode sourceMaps find fail
08-06 17:55:00.642 16782 16782 E C01320/com.ctrip.harmonynext/JsEnv: [source_map.cpp500]stageMode sourceMaps find fail
08-06 17:55:00.642 16782 16782 E C01320/com.ctrip.harmonynext/JsEnv: [source_map.cpp500]stageMode sourceMaps find fail
08-06 17:55:00.642 16782 16782 E C01320/com.ctrip.harmonynext/JsEnv: [source_map.cpp500]stageMode sourceMaps find fail
08-06 17:55:00.642 16782 16782 E C01320/com.ctrip.harmonynext/JsEnv: [source_map.cpp500]stageMode sourceMaps find fail
08-06 17:55:00.642 16782 16782 E C01320/com.ctrip.harmonynext/JsEnv: [source_map.cpp500]stageMode sourceMaps find fail
08-06 17:55:00.642 16782 16782 E C01320/com.ctrip.harmonynext/JsEnv: [source_map.cpp500]stageMode sourceMaps find fail
08-06 17:55:00.642 16782 16782 E C01320/com.ctrip.harmonynext/JsEnv: [source_map.cpp500]stageMode sourceMaps find fail
08-06 17:55:00.642 16782 16782 E C01320/com.ctrip.harmonynext/JsEnv: [source_map.cpp500]stageMode sourceMaps find fail
08-06 17:55:00.642 16782 16782 E C01320/com.ctrip.harmonynext/JsEnv: [source_map.cpp500]stageMode sourceMaps find fail
08-06 17:55:00.642 16782 16782 E C01320/com.ctrip.harmonynext/JsEnv: [source_map.cpp500]stageMode sourceMaps find fail
08-06 17:55:00.642 16782 16782 E C01320/com.ctrip.harmonynext/JsEnv: [source_map.cpp500]stageMode sourceMaps find fail
08-06 17:55:00.642 16782 16782 E C01320/com.ctrip.harmonynext/JsEnv: [source_map.cpp500]stageMode sourceMaps find fail
08-06 17:55:00.642 16782 16782 E C01320/com.ctrip.harmonynext/JsEnv: [source_map.cpp500]stageMode sourceMaps find fail
08-06 17:55:00.642 16782 16782 E C01320/com.ctrip.harmonynext/JsEnv: [source_map.cpp500]stageMode sourceMaps find fail
08-06 17:55:00.642 16782 16782 E C01320/com.ctrip.harmonynext/JsEnv: [source_map.cpp500]stageMode sourceMaps find fail
08-06 17:55:00.643 16782 16782 E C01320/com.ctrip.harmonynext/JsEnv: [source_map.cpp500]stageMode sourceMaps find fail
08-06 17:55:00.643 16782 16782 E C01320/com.ctrip.harmonynext/JsEnv: [source_map.cpp500]stageMode sourceMaps find fail
08-06 17:55:00.643 16782 16782 E C01320/com.ctrip.harmonynext/JsEnv: [source_map.cpp500]stageMode sourceMaps find fail
08-06 17:55:00.643 16782 16782 E C01320/com.ctrip.harmonynext/JsEnv: [source_map.cpp500]stageMode sourceMaps find fail
08-06 17:55:00.643 16782 16782 E C01320/com.ctrip.harmonynext/JsEnv: [source_map.cpp500]stageMode sourceMaps find fail
08-06 17:55:00.643 16782 16782 E C01320/com.ctrip.harmonynext/JsEnv: [source_map.cpp500]stageMode sourceMaps find fail
08-06 17:55:00.643 16782 16782 E C01320/com.ctrip.harmonynext/JsEnv: [source_map.cpp500]stageMode sourceMaps find fail
08-06 17:55:00.643 16782 16782 E C01320/com.ctrip.harmonynext/JsEnv: [source_map.cpp500]stageMode sourceMaps find fail
08-06 17:55:00.643 16782 16782 E C01320/com.ctrip.harmonynext/JsEnv: [source_map.cpp500]stageMode sourceMaps find fail
08-06 17:55:00.643 16782 16782 E C01320/com.ctrip.harmonynext/JsEnv: [source_map.cpp500]stageMode sourceMaps find fail
08-06 17:55:00.643 16782 16782 E C01320/com.ctrip.harmonynext/JsEnv: [source_map.cpp500]stageMode sourceMaps find fail
08-06 17:55:00.643 16782 16782 E C01320/com.ctrip.harmonynext/JsEnv: [source_map.cpp500]stageMode sourceMaps find fail
08-06 17:55:00.643 16782 16782 E C01320/com.ctrip.harmonynext/JsEnv: [source_map.cpp500]stageMode sourceMaps find fail
08-06 17:55:00.643 16782 16782 E C01320/com.ctrip.harmonynext/JsEnv: [source_map.cpp500]stageMode sourceMaps find fail
08-06 17:55:00.643 16782 16782 E C01320/com.ctrip.harmonynext/JsEnv: [source_map.cpp500]stageMode sourceMaps find fail
08-06 17:55:00.643 16782 16782 E C01320/com.ctrip.harmonynext/JsEnv: [source_map.cpp500]stageMode sourceMaps find fail
08-06 17:55:00.643 16782 16782 E C01320/com.ctrip.harmonynext/JsEnv: [source_map.cpp500]stageMode sourceMaps find fail
08-06 17:55:00.643 16782 16782 E C01320/com.ctrip.harmonynext/JsEnv: [source_map.cpp500]stageMode sourceMaps find fail
08-06 17:55:00.643 16782 16782 E C01320/com.ctrip.harmonynext/JsEnv: [source_map.cpp500]stageMode sourceMaps find fail
08-06 17:55:00.643 16782 16782 E C01320/com.ctrip.harmonynext/JsEnv: [source_map.cpp500]stageMode sourceMaps find fail
08-06 17:55:00.643 16782 16782 E C01320/com.ctrip.harmonynext/JsEnv: [source_map.cpp500]stageMode sourceMaps find fail
08-06 17:55:00.643 16782 16782 E C01320/com.ctrip.harmonynext/JsEnv: [source_map.cpp500]stageMode sourceMaps find fail
08-06 17:55:00.643 16782 16782 E C01320/com.ctrip.harmonynext/JsEnv: [source_map.cpp500]stageMode sourceMaps find fail
08-06 17:55:00.643 16782 16782 E C01320/com.ctrip.harmonynext/JsEnv: [source_map.cpp500]stageMode sourceMaps find fail
08-06 17:55:00.643 16782 16782 E C01320/com.ctrip.harmonynext/JsEnv: [source_map.cpp500]stageMode sourceMaps find fail
08-06 17:55:00.643 16782 16782 E C01320/com.ctrip.harmonynext/JsEnv: [source_map.cpp500]stageMode sourceMaps find fail
08-06 17:55:00.643 16782 16782 E C01320/com.ctrip.harmonynext/JsEnv: [source_map.cpp500]stageMode sourceMaps find fail
08-06 17:55:00.643 16782 16782 E C01320/com.ctrip.harmonynext/JsEnv: [source_map.cpp500]stageMode sourceMaps find fail
08-06 17:55:00.643 16782 16782 E C01320/com.ctrip.harmonynext/JsEnv: [source_map.cpp500]stageMode sourceMaps find fail
08-06 17:55:00.643 16782 16782 E C01320/com.ctrip.harmonynext/JsEnv: [source_map.cpp500]stageMode sourceMaps find fail
08-06 17:55:00.643 16782 16782 E C01320/com.ctrip.harmonynext/JsEnv: [source_map.cpp500]stageMode sourceMaps find fail
08-06 17:55:00.643 16782 16782 E C01320/com.ctrip.harmonynext/JsEnv: [source_map.cpp500]stageMode sourceMaps find fail
08-06 17:55:00.643 16782 16782 E C01320/com.ctrip.harmonynext/JsEnv: [source_map.cpp500]stageMode sourceMaps find fail
08-06 17:55:00.643 16782 16782 E C01320/com.ctrip.harmonynext/JsEnv: [source_map.cpp500]stageMode sourceMaps find fail
08-06 17:55:00.643 16782 16782 E C01320/com.ctrip.harmonynext/JsEnv: [source_map.cpp500]stageMode sourceMaps find fail
08-06 17:55:00.643 16782 16782 E C01320/com.ctrip.harmonynext/JsEnv: [source_map.cpp500]stageMode sourceMaps find fail
08-06 17:55:00.643 16782 16782 E C01320/com.ctrip.harmonynext/JsEnv: [source_map.cpp500]stageMode sourceMaps find fail
08-06 17:55:00.643 16782 16782 E C01320/com.ctrip.harmonynext/JsEnv: [source_map.cpp500]stageMode sourceMaps find fail
08-06 17:55:00.643 16782 16782 E C01320/com.ctrip.harmonynext/JsEnv: [source_map.cpp500]stageMode sourceMaps find fail
08-06 17:55:00.643 16782 16782 E C01320/com.ctrip.harmonynext/JsEnv: [source_map.cpp500]stageMode sourceMaps find fail
08-06 17:55:00.643 16782 16782 E C01320/com.ctrip.harmonynext/JsEnv: [source_map.cpp500]stageMode sourceMaps find fail
08-06 17:55:00.643 16782 16782 E C01320/com.ctrip.harmonynext/JsEnv: [source_map.cpp500]stageMode sourceMaps find fail
08-06 17:55:00.643 16782 16782 E C01320/com.ctrip.harmonynext/JsEnv: [source_map.cpp500]stageMode sourceMaps find fail
08-06 17:55:00.643 16782 16782 E C01320/com.ctrip.harmonynext/JsEnv: [source_map.cpp500]stageMode sourceMaps find fail
08-06 17:55:00.643 16782 16782 E C01320/com.ctrip.harmonynext/JsEnv: [source_map.cpp500]stageMode sourceMaps find fail
08-06 17:55:00.643 16782 16782 E C01320/com.ctrip.harmonynext/JsEnv: [source_map.cpp500]stageMode sourceMaps find fail
08-06 17:55:00.643 16782 16782 E C01320/com.ctrip.harmonynext/JsEnv: [source_map.cpp500]stageMode sourceMaps find fail
08-06 17:55:00.643 16782 16782 E C01320/com.ctrip.harmonynext/JsEnv: [source_map.cpp500]stageMode sourceMaps find fail
08-06 17:55:00.643 16782 16782 E C01320/com.ctrip.harmonynext/JsEnv: [source_map.cpp500]stageMode sourceMaps find fail
08-06 17:55:00.643 16782 16782 E C01320/com.ctrip.harmonynext/JsEnv: [source_map.cpp500]stageMode sourceMaps find fail
08-06 17:55:00.643 16782 16782 E C01320/com.ctrip.harmonynext/JsEnv: [source_map.cpp500]stageMode sourceMaps find fail
08-06 17:55:00.643 16782 16782 E C01320/com.ctrip.harmonynext/JsEnv: [source_map.cpp500]stageMode sourceMaps find fail
08-06 17:55:00.643 16782 16782 E C01320/com.ctrip.harmonynext/JsEnv: [source_map.cpp500]stageMode sourceMaps find fail
08-06 17:55:00.643 16782 16782 E C01320/com.ctrip.harmonynext/JsEnv: [source_map.cpp500]stageMode sourceMaps find fail
08-06 17:55:00.643 16782 16782 E C01320/com.ctrip.harmonynext/JsEnv: [source_map.cpp500]stageMode sourceMaps find fail
08-06 17:55:00.643 16782 16782 E C01320/com.ctrip.harmonynext/JsEnv: [source_map.cpp500]stageMode sourceMaps find fail
08-06 17:55:00.643 16782 16782 E C01320/com.ctrip.harmonynext/JsEnv: [source_map.cpp500]stageMode sourceMaps find fail
08-06 17:55:00.643 16782 16782 E C01320/com.ctrip.harmonynext/JsEnv: [source_map.cpp500]stageMode sourceMaps find fail
08-06 17:55:00.643 16782 16782 E C01320/com.ctrip.harmonynext/JsEnv: [source_map.cpp500]stageMode sourceMaps find fail
08-06 17:55:00.643 16782 16782 E C01320/com.ctrip.harmonynext/JsEnv: [source_map.cpp500]stageMode sourceMaps find fail
08-06 17:55:00.643 16782 16782 E C01320/com.ctrip.harmonynext/JsEnv: [source_map.cpp500]stageMode sourceMaps find fail
08-06 17:55:00.643 16782 16782 E C01320/com.ctrip.harmonynext/JsEnv: [source_map.cpp500]stageMode sourceMaps find fail
08-06 17:55:00.643 16782 16782 E C01320/com.ctrip.harmonynext/JsEnv: [source_map.cpp500]stageMode sourceMaps find fail
08-06 17:55:00.643 16782 16782 E C01320/com.ctrip.harmonynext/JsEnv: [source_map.cpp500]stageMode sourceMaps find fail
08-06 17:55:00.643 16782 16782 E C01320/com.ctrip.harmonynext/JsEnv: [source_map.cpp500]stageMode sourceMaps find fail
08-06 17:55:00.643 16782 16782 E C01320/com.ctrip.harmonynext/JsEnv: [source_map.cpp500]stageMode sourceMaps find fail
08-06 17:55:00.643 16782 16782 E C01320/com.ctrip.harmonynext/JsEnv: [source_map.cpp500]stageMode sourceMaps find fail
08-06 17:55:00.643 16782 16782 E C01320/com.ctrip.harmonynext/JsEnv: [source_map.cpp500]stageMode sourceMaps find fail
08-06 17:55:00.643 16782 16782 E C01320/com.ctrip.harmonynext/JsEnv: [source_map.cpp500]stageMode sourceMaps find fail
08-06 17:55:00.643 16782 16782 E C01320/com.ctrip.harmonynext/JsEnv: [source_map.cpp500]stageMode sourceMaps find fail
08-06 17:55:00.643 16782 16782 E C01320/com.ctrip.harmonynext/JsEnv: [source_map.cpp500]stageMode sourceMaps find fail
08-06 17:55:00.643 16782 16782 E C01320/com.ctrip.harmonynext/JsEnv: [source_map.cpp500]stageMode sourceMaps find fail
08-06 17:55:00.643 16782 16782 E C01320/com.ctrip.harmonynext/JsEnv: [source_map.cpp500]stageMode sourceMaps find fail
08-06 17:55:00.643 16782 16782 E C01320/com.ctrip.harmonynext/JsEnv: [source_map.cpp500]stageMode sourceMaps find fail
08-06 17:55:00.643 16782 16782 E C01320/com.ctrip.harmonynext/JsEnv: [source_map.cpp500]stageMode sourceMaps find fail
08-06 17:55:00.643 16782 16782 E C01320/com.ctrip.harmonynext/JsEnv: [source_map.cpp500]stageMode sourceMaps find fail
08-06 17:55:00.643 16782 16782 E C01320/com.ctrip.harmonynext/JsEnv: [source_map.cpp500]stageMode sourceMaps find fail
08-06 17:55:00.643 16782 16782 E C01320/com.ctrip.harmonynext/JsEnv: [source_map.cpp500]stageMode sourceMaps find fail
08-06 17:55:00.645 16782 16782 E C01317/com.ctrip.harmonynext/AppKit: [MTHRD2294]
08-06 17:55:00.645 16782 16782 E C01317/com.ctrip.harmonynext/AppKit: com.ctrip.harmonynext is about to exit due to RuntimeError
08-06 17:55:00.645 16782 16782 E C01317/com.ctrip.harmonynext/AppKit: Error type:RangeError
08-06 17:55:00.645 16782 16782 E C01317/com.ctrip.harmonynext/AppKit: Error name:RangeError
08-06 17:55:00.645 16782 16782 E C01317/com.ctrip.harmonynext/AppKit: Error message:Stack overflow!
08-06 17:55:00.645 16782 16782 E C01317/com.ctrip.harmonynext/AppKit: Stacktrace:
08-06 17:55:00.645 16782 16782 E C01317/com.ctrip.harmonynext/AppKit: Cannot get SourceMap info, dump raw stack:
08-06 17:55:00.645 16782 16782 E C01317/com.ctrip.harmonynext/AppKit:     at xlgEnable (@ctcommon/ctfoundation|@ctcommon/ctfoundation|8.94.6-beta.20260727152537|src/main/ets/utils/LogUtil.ts:63:1)
08-06 17:55:00.645 16782 16782 E C01317/com.ctrip.harmonynext/AppKit:     at isCanShowLog (@ctcommon/ctfoundation|@ctcommon/ctfoundation|8.94.6-beta.20260727152537|src/main/ets/utils/LogUtil.ts:47:45)
08-06 17:55:00.645 16782 16782 E C01317/com.ctrip.harmonynext/AppKit:     at canPrintConsole (@ctcommon/ctfoundation|@ctcommon/ctfoundation|8.94.6-beta.20260727152537|src/main/ets/utils/LogUtil.ts:126:46)
08-06 17:55:00.645 16782 16782 E C01317/com.ctrip.harmonynext/AppKit:     at printConsole (@ctcommon/ctfoundation|@ctcommon/ctfoundation|8.94.6-beta.20260727152537|src/main/ets/utils/LogUtil.ts:98:21)
08-06 17:55:00.645 16782 16782 E C01317/com.ctrip.harmonynext/AppKit:     at debug (@ctcommon/ctfoundation|@ctcommon/ctfoundation|8.94.6-beta.20260727152537|src/main/ets/utils/LogUtil.ts:65:1)
08-06 17:55:00.645 16782 16782 E C01317/com.ctrip.harmonynext/AppKit:     at initMCDHosts (@ctcommon/ctimage|@ctcommon/ctimage|8.94.6-beta.20260729205823|src/main/ets/image/util/CTImageLoaderUrlTransSupportUtil.ts:109:17)
08-06 17:55:00.645 16782 16782 E C01317/com.ctrip.harmonynext/AppKit:     at getTransHostList (@ctcommon/ctimage|@ctcommon/ctimage|8.94.6-beta.20260729205823|src/main/ets/image/util/CTImageLoaderUrlTransSupportUtil.ts:50:42)
08-06 17:55:00.645 16782 16782 E C01317/com.ctrip.harmonynext/AppKit:     at isUrlHostSupportTrans (@ctcommon/ctimage|@ctcommon/ctimage|8.94.6-beta.20260729205823|src/main/ets/image/util/CTImageLoaderUrlTransSupportUtil.ts:17:75)
08-06 17:55:00.645 16782 16782 E C01317/com.ctrip.harmonynext/AppKit:     at isSupportAvifUrl (@ctcommon/ctimage|@ctcommon/ctimage|8.94.6-beta.20260729205823|src/main/ets/image/util/CTAVifSupportUtils.ts:106:46)
08-06 17:55:00.645 16782 16782 E C01317/com.ctrip.harmonynext/AppKit:     at getAvifUrlMaybeNull (@ctcommon/ctimage|@ctcommon/ctimage|8.94.6-beta.20260729205823|src/main/ets/image/util/CTAVifSupportUtils.ts:24:32)
08-06 17:55:00.645 16782 16782 E C01317/com.ctrip.harmonynext/AppKit:     at transUrl (@ctcommon/ctimage|@ctcommon/ctimage|8.94.6-beta.20260729205823|src/main/ets/image/util/CTImageUrlTransUtil.ts:28:38)
08-06 17:55:00.645 16782 16782 E C01317/com.ctrip.harmonynext/AppKit:     at transUrl (@ctcommon/ctimage|@ctcommon/ctimage|8.94.6-beta.20260729205823|src/main/ets/image/util/CTImageLoader.ts:46:43)
08-06 17:55:00.645 16782 16782 E C01317/com.ctrip.harmonynext/AppKit:     at configCommonParams (@ctcommon/ctimage|@ctcommon/ctimage|8.94.6-beta.20260729205823|src/main/ets/image/CTImage.ts:421:27)
08-06 17:55:00.645 16782 16782 E C01317/com.ctrip.harmonynext/AppKit:     at configBeforeShow (@ctcommon/ctimage|@ctcommon/ctimage|8.94.6-beta.20260729205823|src/main/ets/image/CTImage.ts:390:14)
08-06 17:55:00.645 16782 16782 E C01317/com.ctrip.harmonynext/AppKit:     at onImageOptionChange (@ctcommon/ctimage|@ctcommon/ctimage|8.94.6-beta.20260729205823|src/main/ets/image/CTImage.ts:172:14)
08-06 17:55:00.645 16782 16782 E C01317/com.ctrip.harmonynext/AppKit:     at viewPropertyHasChanged (/usr1/hmos_for_system/src/increment/sourcecode/out/generic_generic_arm_64only/general_all_phone_standard/obj/foundation/arkui/ace_engine/frameworks/bridge/declarative_frontend/stateMgmt.js:10269:1)
08-06 17:55:00.645 16782 16782 E C01317/com.ctrip.harmonynext/AppKit:     at notifyPropertyHasChangedPU (/usr1/hmos_for_system/src/increment/sourcecode/out/generic_generic_arm_64only/general_all_phone_standard/obj/foundation/arkui/ace_engine/frameworks/bridge/declarative_frontend/stateMgmt.js:8084:1)
08-06 17:55:00.645 16782 16782 E C01317/com.ctrip.harmonynext/AppKit:     at onTrackedObjectPropertyCompatModeHasChangedPU (/usr1/hmos_for_system/src/increment/sourcecode/out/generic_generic_arm_64only/general_all_phone_standard/obj/foundation/arkui/ace_engine/frameworks/bridge/declarative_frontend/stateMgmt.js:8329:1)
08-06 17:55:00.645 16782 16782 E C01317/com.ctrip.harmonynext/AppKit:     at anonymous (/usr1/hmos_for_system/src/increment/sourcecode/out/generic_generic_arm_64only/general_all_phone_standard/obj/foundation/arkui/ace_engine/frameworks/bridge/declarative_frontend/stateMgmt.js:2602:1)
08-06 17:55:00.645 16782 16782 E C01317/com.ctrip.harmonynext/AppKit:     at notifyObjectPropertyHasChanged (/usr1/hmos_for_system/src/increment/sourcecode/out/generic_generic_arm_64only/general_all_phone_standard/obj/foundation/arkui/ace_engine/frameworks/bridge/declarative_frontend/stateMgmt.js:2594:1)
08-06 17:55:00.645 16782 16782 E C01317/com.ctrip.harmonynext/AppKit:     at set (/usr1/hmos_for_system/src/increment/sourcecode/out/generic_generic_arm_64only/general_all_phone_standard/obj/foundation/arkui/ace_engine/frameworks/bridge/declarative_frontend/stateMgmt.js:2746:1)
08-06 17:55:00.645 16782 16782 E C01317/com.ctrip.harmonynext/AppKit:     at configCommonParams (@ctcommon/ctimage|@ctcommon/ctimage|8.94.6-beta.20260729205823|src/main/ets/image/CTImage.ts:418:1)
08-06 17:55:00.645 16782 16782 E C01317/com.ctrip.harmonynext/AppKit:     at configBeforeShow (@ctcommon/ctimage|@ctcommon/ctimage|8.94.6-beta.20260729205823|src/main/ets/image/CTImage.ts:390:14)
08-06 17:55:00.645 16782 16782 E C01317/com.ctrip.harmonynext/AppKit:     at onImageOptionChange (@ctcommon/ctimage|@ctcommon/ctimage|8.94.6-beta.20260729205823|src/main/ets/image/CTImage.ts:172:14)
08-06 17:55:00.645 16782 16782 E C01317/com.ctrip.harmonynext/AppKit:     at viewPropertyHasChanged (/usr1/hmos_for_system/src/increment/sourcecode/out/generic_generi
08-06 17:55:00.645 16782 16782 I C01336/com.ctrip.harmonynext/AMS: [AMC1916]RecordAppWithReason pid:16782, uid:20020314, killId:2003
08-06 17:55:00.645 16782 16782 W C01317/com.ctrip.harmonynext/AppKit: [MTHRD2301]Record result=0, send event [FRAMEWORK,PROCESS_KILL,JS_ERROR], pid=16782, processName=com.ctrip.harmonynext, msg=Kill Reason:Js Error, foreground=1, isUncatchable=0
08-06 17:55:00.645 16782 16782 I C01317/com.ctrip.harmonynext/AppKit: [application_data_manager.cpp209]main thread
08-06 17:55:00.645 16782 16782 I C01324/com.ctrip.harmonynext/JsNapi: [js_error_manager.cpp330]call func: onUnhandledException
08-06 17:55:00.646 16782 16782 I C01324/com.ctrip.harmonynext/JsNapi: [js_error_manager.cpp330]call func: onException
08-06 17:55:00.646 16782 16782 I C01324/com.ctrip.harmonynext/JsNapi: [js_error_manager.cpp586]not register defaultHandler callback
08-06 17:55:00.646 16782 16782 I C01317/com.ctrip.harmonynext/AppKit: [application_data_manager.cpp212]Complete all callbacks
08-06 17:55:00.656 16782 16782 W C0392D/com.ctrip.harmonynext/AceLazyForEach: [(100000:100000:scope)] Use repeat key for index: 8
08-06 17:55:00.656 16782 17213 I C0393A/com.ctrip.harmonynext/DownloadManager: [(100000:100000:scope)] DownloadManager GetInstance
08-06 17:55:00.656 16782 17213 I C01C50/com.ctrip.harmonynext/PreloadNative: apply ram 809 for 50eb29057925d034
08-06 17:55:00.656 16782 17213 W C02B60/com.ctrip.harmonynext/AvifDecoderImpl: InitFrameInfo width : 48, height : 48
08-06 17:55:00.659 16782 16782 I C03900/com.ctrip.harmonynext/ARKTS-INTEROP: ArkTsValuetoNapiValue start
08-06 17:55:00.659 16782 16782 I C03900/com.ctrip.harmonynext/ARKTS-INTEROP: IsStageMode start
08-06 17:55:00.659 16782 16782 I C03900/com.ctrip.harmonynext/ARKTS-INTEROP: IsStageMode true
08-06 17:55:00.659 16782 16782 I C03900/com.ctrip.harmonynext/ARKTS-INTEROP: GetContextStageMode start
08-06 17:55:00.659 16782 16782 I C03900/com.ctrip.harmonynext/ARKTS-INTEROP: GetContextStageMode success
08-06 17:55:00.659 16782 16782 I C03900/com.ctrip.harmonynext/ARKTS-INTEROP: ArkTsValuetoNapiValue start
08-06 17:55:00.659 16782 16782 I C03900/com.ctrip.harmonynext/ARKTS-INTEROP: IsStageMode start
08-06 17:55:00.659 16782 16782 I C03900/com.ctrip.harmonynext/ARKTS-INTEROP: IsStageMode true
08-06 17:55:00.659 16782 16782 I C03900/com.ctrip.harmonynext/ARKTS-INTEROP: GetContextStageMode start
08-06 17:55:00.659 16782 16782 I C03900/com.ctrip.harmonynext/ARKTS-INTEROP: GetContextStageMode success
08-06 17:55:00.688 16782 16782 E C03F00/com.ctrip.harmonynext/ArkCompiler: [ecmascript] Stack overflow! current:541237106816 limit:541237106992 current frame: 0x7e043ed8d0
08-06 17:55:00.690 16782 16782 W C03F00/com.ctrip.harmonynext/ArkCompiler: [default] [Call] occur exception need return
08-06 17:55:00.690 16782 16782 E C03F00/com.ctrip.harmonynext/ArkCompiler: [ecmascript] Pending exception before ExecutePendingJob called, in line:6288, exception details as follows:
08-06 17:55:00.690 16782 16782 E C03F00/com.ctrip.harmonynext/ArkCompiler: RangeError: Stack overflow!
08-06 17:55:00.690 16782 16782 E C03F00/com.ctrip.harmonynext/ArkCompiler: Cannot get SourceMap info, dump raw stack:
08-06 17:55:00.690 16782 16782 E C03F00/com.ctrip.harmonynext/ArkCompiler:     at xlgEnable (@ctcommon/ctfoundation|@ctcommon/ctfoundation|8.94.6-beta.20260727152537|src/main/ets/utils/LogUtil.ts:63:1)
08-06 17:55:00.690 16782 16782 E C03F00/com.ctrip.harmonynext/ArkCompiler:     at isCanShowLog (@ctcommon/ctfoundation|@ctcommon/ctfoundation|8.94.6-beta.20260727152537|src/main/ets/utils/LogUtil.ts:47:45)
08-06 17:55:00.690 16782 16782 E C03F00/com.ctrip.harmonynext/ArkCompiler:     at canPrintConsole (@ctcommon/ctfoundation|@ctcommon/ctfoundation|8.94.6-beta.20260727152537|src/main/ets/utils/LogUtil.ts:126:46)
08-06 17:55:00.690 16782 16782 E C03F00/com.ctrip.harmonynext/ArkCompiler:     at printConsole (@ctcommon/ctfoundation|@ctcommon/ctfoundation|8.94.6-beta.20260727152537|src/main/ets/utils/LogUtil.ts:98:21)
08-06 17:55:00.690 16782 16782 E C03F00/com.ctrip.harmonynext/ArkCompiler:     at debug (@ctcommon/ctfoundation|@ctcommon/ctfoundation|8.94.6-beta.20260727152537|src/main/ets/utils/LogUtil.ts:65:1)
08-06 17:55:00.690 16782 16782 E C03F00/com.ctrip.harmonynext/ArkCompiler:     at initMCDHosts (@ctcommon/ctimage|@ctcommon/ctimage|8.94.6-beta.20260729205823|src/main/ets/image/util/CTImageLoaderUrlTransSupportUtil.ts:109:17)
08-06 17:55:00.690 16782 16782 E C03F00/com.ctrip.harmonynext/ArkCompiler:     at getTransHostList (@ctcommon/ctimage|@ctcommon/ctimage|8.94.6-beta.20260729205823|src/main/ets/image/util/CTImageLoaderUrlTransSupportUtil.ts:50:42)
08-06 17:55:00.690 16782 16782 E C03F00/com.ctrip.harmonynext/ArkCompiler:     at isUrlHostSupportTrans (@ctcommon/ctimage|@ctcommon/ctimage|8.94.6-beta.20260729205823|src/main/ets/image/util/CTImageLoaderUrlTransSupportUtil.ts:17:75)
08-06 17:55:00.690 16782 16782 E C03F00/com.ctrip.harmonynext/ArkCompiler:     at isSupportAvifUrl (@ctcommon/ctimage|@ctcommon/ctimage|8.94.6-beta.20260729205823|src/main/ets/image/util/CTAVifSupportUtils.ts:106:46)
08-06 17:55:00.690 16782 16782 E C03F00/com.ctrip.harmonynext/ArkCompiler:     at getAvifUrlMaybeNull (@ctcommon/ctimage|@ctcommon/ctimage|8.94.6-beta.20260729205823|src/main/ets/image/util/CTAVifSupportUtils.ts:24:32)
08-06 17:55:00.690 16782 16782 E C03F00/com.ctrip.harmonynext/ArkCompiler:     at transUrl (@ctcommon/ctimage|@ctcommon/ctimage|8.94.6-beta.20260729205823|src/main/ets/image/util/CTImageUrlTransUtil.ts:28:38)
08-06 17:55:00.690 16782 16782 E C03F00/com.ctrip.harmonynext/ArkCompiler:     at transUrl (@ctcommon/ctimage|@ctcommon/ctimage|8.94.6-beta.20260729205823|src/main/ets/image/util/CTImageLoader.ts:46:43)
08-06 17:55:00.690 16782 16782 E C03F00/com.ctrip.harmonynext/ArkCompiler:     at configCommonParams (@ctcommon/ctimage|@ctcommon/ctimage|8.94.6-beta.20260729205823|src/main/ets/image/CTImage.ts:421:27)
08-06 17:55:00.690 16782 16782 E C03F00/com.ctrip.harmonynext/ArkCompiler:     at configBeforeShow (@ctcommon/ctimage|@ctcommon/ctimage|8.94.6-beta.20260729205823|src/main/ets/image/CTImage.ts:390:14)
08-06 17:55:00.690 16782 16782 E C03F00/com.ctrip.harmonynext/ArkCompiler:     at onImageOptionChange (@ctcommon/ctimage|@ctcommon/ctimage|8.94.6-beta.20260729205823|src/main/ets/image/CTImage.ts:172:14)
08-06 17:55:00.690 16782 16782 E C03F00/com.ctrip.harmonynext/ArkCompiler:     at viewPropertyHasChanged (/usr1/hmos_for_system/src/increment/sourcecode/out/generic_generic_arm_64only/general_all_phone_standard/obj/foundation/arkui/ace_engine/frameworks/bridge/declarative_frontend/stateMgmt.js:10269:1)
08-06 17:55:00.690 16782 16782 E C03F00/com.ctrip.harmonynext/ArkCompiler:     at notifyPropertyHasChangedPU (/usr1/hmos_for_system/src/increment/sourcecode/out/generic_generic_arm_64only/general_all_phone_standard/obj/foundation/arkui/ace_engine/frameworks/bridge/declarative_frontend/stateMgmt.js:8084:1)
08-06 17:55:00.690 16782 16782 E C03F00/com.ctrip.harmonynext/ArkCompiler:     at onTrackedObjectPropertyCompatModeHasChangedPU (/usr1/hmos_for_system/src/increment/sourcecode/out/generic_generic_arm_64only/general_all_phone_standard/obj/foundation/arkui/ace_engine/frameworks/bridge/declarative_frontend/stateMgmt.js:8329:1)
08-06 17:55:00.690 16782 16782 E C03F00/com.ctrip.harmonynext/ArkCompiler:     at anonymous (/usr1/hmos_for_system/src/increment/sourcecode/out/generic_generic_arm_64only/general_all_phone_standard/obj/foundation/arkui/ace_engine/frameworks/bridge/declarative_frontend/stateMgmt.js:2602:1)
08-06 17:55:00.690 16782 16782 E C03F00/com.ctrip.harmonynext/ArkCompiler:     at notifyObjectPropertyHasChanged (/usr1/hmos_for_system/src/increment/sourcecode/out/generic_generic_arm_64only/general_all_phone_standard/obj/foundation/arkui/ace_engine/frameworks/bridge/declarative_frontend/stateMgmt.js:2594:1)
08-06 17:55:00.690 16782 16782 E C03F00/com.ctrip.harmonynext/ArkCompiler:     at set (/usr1/hmos_for_system/src/increment/sourcecode/out/generic_generic_arm_64only/general_all_phone_standard/obj/foundation/arkui/ace_engine/frameworks/bridge/declarative_frontend/stateMgmt.js:2746:1)
08-06 17:55:00.690 16782 16782 E C03F00/com.ctrip.harmonynext/ArkCompiler:     at configCommonParams (@ctcommon/ctimage|@ctcommon/ctimage|8.94.6-beta.20260729205823|src/main/ets/image/CTImage.ts:418:1)
08-06 17:55:00.690 16782 16782 E C03F00/com.ctrip.harmonynext/ArkCompiler:     at configBeforeShow (@ctcommon/ctimage|@ctcommon/ctimage|8.94.6-beta.20260729205823|src/main/ets/image/CTImage.ts:390:14)
08-06 17:55:00.690 16782 16782 E C03F00/com.ctrip.harmonynext/ArkCompiler:     at onImageOptionChange (@ctcommon/ctimage|@ctcommon/ctimage|8.94.6-beta.20260729205823|src/main/ets/image/CTImage.ts:172:14)
08-06 17:55:00.690 16782 16782 E C03F00/com.ctrip.harmonynext/ArkCompiler:     at viewPropertyHasChanged (/usr1/hmos_for_system/src/increment/sourcecode/out/generic_generic_arm_64only/general_all_phone_standard/obj/foundation/arkui/ace_engine/frameworks/bridge/declarative_frontend/stateMgmt.js:10269
08-06 17:55:00.690 16782 16782 W C03900/com.ctrip.harmonynext/Ace: [(100000:100000:scope)] after call jsFunction hasError, empty: 0, caught: 1
08-06 17:55:00.691 16782 16782 E C01320/com.ctrip.harmonynext/JsEnv: [source_map.cpp500]stageMode sourceMaps find fail
08-06 17:55:00.691 16782 16782 E C01320/com.ctrip.harmonynext/JsEnv: [source_map.cpp500]stageMode sourceMaps find fail
08-06 17:55:00.691 16782 16782 E C01320/com.ctrip.harmonynext/JsEnv: [source_map.cpp500]stageMode sourceMaps find fail
08-06 17:55:00.691 16782 16782 E C01320/com.ctrip.harmonynext/JsEnv: [source_map.cpp500]stageMode sourceMaps find fail
08-06 17:55:00.691 16782 16782 E C01320/com.ctrip.harmonynext/JsEnv: [source_map.cpp500]stageMode sourceMaps find fail
08-06 17:55:00.691 16782 16782 E C01320/com.ctrip.harmonynext/JsEnv: [source_map.cpp500]stageMode sourceMaps find fail
08-06 17:55:00.691 16782 16782 E C01320/com.ctrip.harmonynext/JsEnv: [source_map.cpp500]stageMode sourceMaps find fail
08-06 17:55:00.691 16782 16782 E C01320/com.ctrip.harmonynext/JsEnv: [source_map.cpp500]stageMode sourceMaps find fail
08-06 17:55:00.691 16782 16782 E C01320/com.ctrip.harmonynext/JsEnv: [source_map.cpp500]stageMode sourceMaps find fail
08-06 17:55:00.691 16782 16782 E C01320/com.ctrip.harmonynext/JsEnv: [source_map.cpp500]stageMode sourceMaps find fail
08-06 17:55:00.691 16782 16782 E C01320/com.ctrip.harmonynext/JsEnv: [source_map.cpp500]stageMode sourceMaps find fail
08-06 17:55:00.691 16782 16782 E C01320/com.ctrip.harmonynext/JsEnv: [source_map.cpp500]stageMode sourceMaps find fail
08-06 17:55:00.691 16782 16782 E C01320/com.ctrip.harmonynext/JsEnv: [source_map.cpp500]stageMode sourceMaps find fail
08-06 17:55:00.691 16782 16782 E C01320/com.ctrip.harmonynext/JsEnv: [source_map.cpp500]stageMode sourceMaps find fail
08-06 17:55:00.691 16782 16782 E C01320/com.ctrip.harmonynext/JsEnv: [source_map.cpp500]stageMode sourceMaps find fail
08-06 17:55:00.691 16782 16782 E C01320/com.ctrip.harmonynext/JsEnv: [source_map.cpp500]stageMode sourceMaps find fail
08-06 17:55:00.691 16782 16782 E C01320/com.ctrip.harmonynext/JsEnv: [source_map.cpp500]stageMode sourceMaps find fail
08-06 17:55:00.691 16782 16782 E C01320/com.ctrip.harmonynext/JsEnv: [source_map.cpp500]stageMode sourceMaps find fail
08-06 17:55:00.691 16782 16782 E C01320/com.ctrip.harmonynext/JsEnv: [source_map.cpp500]stageMode sourceMaps find fail
08-06 17:55:00.691 16782 16782 E C01320/com.ctrip.harmonynext/JsEnv: [source_map.cpp500]stageMode sourceMaps find fail
08-06 17:55:00.691 16782 16782 E C01320/com.ctrip.harmonynext/JsEnv: [source_map.cpp500]stageMode sourceMaps find fail
08-06 17:55:00.691 16782 16782 E C01320/com.ctrip.harmonynext/JsEnv: [source_map.cpp500]stageMode sourceMaps find fail
08-06 17:55:00.691 16782 16782 E C01320/com.ctrip.harmonynext/JsEnv: [source_map.cpp500]stageMode sourceMaps find fail
08-06 17:55:00.691 16782 16782 E C01320/com.ctrip.harmonynext/JsEnv: [source_map.cpp500]stageMode sourceMaps find fail
08-06 17:55:00.691 16782 16782 E C01320/com.ctrip.harmonynext/JsEnv: [source_map.cpp500]stageMode sourceMaps find fail
08-06 17:55:00.691 16782 16782 E C01320/com.ctrip.harmonynext/JsEnv: [source_map.cpp500]stageMode sourceMaps find fail
08-06 17:55:00.691 16782 16782 E C01320/com.ctrip.harmonynext/JsEnv: [source_map.cpp500]stageMode sourceMaps find fail
08-06 17:55:00.691 16782 16782 E C01320/com.ctrip.harmonynext/JsEnv: [source_map.cpp500]stageMode sourceMaps find fail
08-06 17:55:00.691 16782 16782 E C01320/com.ctrip.harmonynext/JsEnv: [source_map.cpp500]stageMode sourceMaps find fail
08-06 17:55:00.691 16782 16782 E C01320/com.ctrip.harmonynext/JsEnv: [source_map.cpp500]stageMode sourceMaps find fail
08-06 17:55:00.691 16782 16782 E C01320/com.ctrip.harmonynext/JsEnv: [source_map.cpp500]stageMode sourceMaps find fail
08-06 17:55:00.691 16782 16782 E C01320/com.ctrip.harmonynext/JsEnv: [source_map.cpp500]stageMode sourceMaps find fail
08-06 17:55:00.691 16782 16782 E C01320/com.ctrip.harmonynext/JsEnv: [source_map.cpp500]stageMode sourceMaps find fail
08-06 17:55:00.691 16782 16782 E C01320/com.ctrip.harmonynext/JsEnv: [source_map.cpp500]stageMode sourceMaps find fail
08-06 17:55:00.691 16782 16782 E C01320/com.ctrip.harmonynext/JsEnv: [source_map.cpp500]stageMode sourceMaps find fail
08-06 17:55:00.691 16782 16782 E C01320/com.ctrip.harmonynext/JsEnv: [source_map.cpp500]stageMode sourceMaps find fail
08-06 17:55:00.691 16782 16782 E C01320/com.ctrip.harmonynext/JsEnv: [source_map.cpp500]stageMode sourceMaps find fail
08-06 17:55:00.691 16782 16782 E C01320/com.ctrip.harmonynext/JsEnv: [source_map.cpp500]stageMode sourceMaps find fail
08-06 17:55:00.691 16782 16782 E C01320/com.ctrip.harmonynext/JsEnv: [source_map.cpp500]stageMode sourceMaps find fail
08-06 17:55:00.691 16782 16782 E C01320/com.ctrip.harmonynext/JsEnv: [source_map.cpp500]stageMode sourceMaps find fail
08-06 17:55:00.691 16782 16782 E C01320/com.ctrip.harmonynext/JsEnv: [source_map.cpp500]stageMode sourceMaps find fail
08-06 17:55:00.691 16782 16782 E C01320/com.ctrip.harmonynext/JsEnv: [source_map.cpp500]stageMode sourceMaps find fail
08-06 17:55:00.691 16782 16782 E C01320/com.ctrip.harmonynext/JsEnv: [source_map.cpp500]stageMode sourceMaps find fail
08-06 17:55:00.691 16782 16782 E C01320/com.ctrip.harmonynext/JsEnv: [source_map.cpp500]stageMode sourceMaps find fail
08-06 17:55:00.691 16782 16782 E C01320/com.ctrip.harmonynext/JsEnv: [source_map.cpp500]stageMode sourceMaps find fail
08-06 17:55:00.691 16782 16782 E C01320/com.ctrip.harmonynext/JsEnv: [source_map.cpp500]stageMode sourceMaps find fail
08-06 17:55:00.691 16782 16782 E C01320/com.ctrip.harmonynext/JsEnv: [source_map.cpp500]stageMode sourceMaps find fail
08-06 17:55:00.691 16782 16782 E C01320/com.ctrip.harmonynext/JsEnv: [source_map.cpp500]stageMode sourceMaps find fail
08-06 17:55:00.691 16782 16782 E C01320/com.ctrip.harmonynext/JsEnv: [source_map.cpp500]stageMode sourceMaps find fail
08-06 17:55:00.691 16782 16782 E C01320/com.ctrip.harmonynext/JsEnv: [source_map.cpp500]stageMode sourceMaps find fail
08-06 17:55:00.691 16782 16782 E C01320/com.ctrip.harmonynext/JsEnv: [source_map.cpp500]stageMode sourceMaps find fail
08-06 17:55:00.691 16782 16782 E C01320/com.ctrip.harmonynext/JsEnv: [source_map.cpp500]stageMode sourceMaps find fail
08-06 17:55:00.691 16782 16782 E C01320/com.ctrip.harmonynext/JsEnv: [source_map.cpp500]stageMode sourceMaps find fail
08-06 17:55:00.691 16782 16782 E C01320/com.ctrip.harmonynext/JsEnv: [source_map.cpp500]stageMode sourceMaps find fail
08-06 17:55:00.691 16782 16782 E C01320/com.ctrip.harmonynext/JsEnv: [source_map.cpp500]stageMode sourceMaps find fail
08-06 17:55:00.691 16782 16782 E C01320/com.ctrip.harmonynext/JsEnv: [source_map.cpp500]stageMode sourceMaps find fail
08-06 17:55:00.691 16782 16782 E C01320/com.ctrip.harmonynext/JsEnv: [source_map.cpp500]stageMode sourceMaps find fail
08-06 17:55:00.691 16782 16782 E C01320/com.ctrip.harmonynext/JsEnv: [source_map.cpp500]stageMode sourceMaps find fail
08-06 17:55:00.691 16782 16782 E C01320/com.ctrip.harmonynext/JsEnv: [source_map.cpp500]stageMode sourceMaps find fail
08-06 17:55:00.691 16782 16782 E C01320/com.ctrip.harmonynext/JsEnv: [source_map.cpp500]stageMode sourceMaps find fail
08-06 17:55:00.691 16782 16782 E C01320/com.ctrip.harmonynext/JsEnv: [source_map.cpp500]stageMode sourceMaps find fail
08-06 17:55:00.691 16782 16782 E C01320/com.ctrip.harmonynext/JsEnv: [source_map.cpp500]stageMode sourceMaps find fail
08-06 17:55:00.691 16782 16782 E C01320/com.ctrip.harmonynext/JsEnv: [source_map.cpp500]stageMode sourceMaps find fail
08-06 17:55:00.691 16782 16782 E C01320/com.ctrip.harmonynext/JsEnv: [source_map.cpp500]stageMode sourceMaps find fail
08-06 17:55:00.691 16782 16782 E C01320/com.ctrip.harmonynext/JsEnv: [source_map.cpp500]stageMode sourceMaps find fail
08-06 17:55:00.691 16782 16782 E C01320/com.ctrip.harmonynext/JsEnv: [source_map.cpp500]stageMode sourceMaps find fail
08-06 17:55:00.691 16782 16782 E C01320/com.ctrip.harmonynext/JsEnv: [source_map.cpp500]stageMode sourceMaps find fail
08-06 17:55:00.691 16782 16782 E C01320/com.ctrip.harmonynext/JsEnv: [source_map.cpp500]stageMode sourceMaps find fail
08-06 17:55:00.691 16782 16782 E C01320/com.ctrip.harmonynext/JsEnv: [source_map.cpp500]stageMode sourceMaps find fail
08-06 17:55:00.691 16782 16782 E C01320/com.ctrip.harmonynext/JsEnv: [source_map.cpp500]stageMode sourceMaps find fail
08-06 17:55:00.691 16782 16782 E C01320/com.ctrip.harmonynext/JsEnv: [source_map.cpp500]stageMode sourceMaps find fail
08-06 17:55:00.691 16782 16782 E C01320/com.ctrip.harmonynext/JsEnv: [source_map.cpp500]stageMode sourceMaps find fail
08-06 17:55:00.691 16782 16782 E C01320/com.ctrip.harmonynext/JsEnv: [source_map.cpp500]stageMode sourceMaps find fail
08-06 17:55:00.691 16782 16782 E C01320/com.ctrip.harmonynext/JsEnv: [source_map.cpp500]stageMode sourceMaps find fail
08-06 17:55:00.691 16782 16782 E C01320/com.ctrip.harmonynext/JsEnv: [source_map.cpp500]stageMode sourceMaps find fail
08-06 17:55:00.691 16782 16782 E C01320/com.ctrip.harmonynext/JsEnv: [source_map.cpp500]stageMode sourceMaps find fail
08-06 17:55:00.691 16782 16782 E C01320/com.ctrip.harmonynext/JsEnv: [source_map.cpp500]stageMode sourceMaps find fail
08-06 17:55:00.691 16782 16782 E C01320/com.ctrip.harmonynext/JsEnv: [source_map.cpp500]stageMode sourceMaps find fail
08-06 17:55:00.691 16782 16782 E C01320/com.ctrip.harmonynext/JsEnv: [source_map.cpp500]stageMode sourceMaps find fail
08-06 17:55:00.691 16782 16782 E C01320/com.ctrip.harmonynext/JsEnv: [source_map.cpp500]stageMode sourceMaps find fail
08-06 17:55:00.691 16782 16782 E C01320/com.ctrip.harmonynext/JsEnv: [source_map.cpp500]stageMode sourceMaps find fail
08-06 17:55:00.691 16782 16782 E C01320/com.ctrip.harmonynext/JsEnv: [source_map.cpp500]stageMode sourceMaps find fail
08-06 17:55:00.691 16782 16782 E C01320/com.ctrip.harmonynext/JsEnv: [source_map.cpp500]stageMode sourceMaps find fail
08-06 17:55:00.691 16782 16782 E C01320/com.ctrip.harmonynext/JsEnv: [source_map.cpp500]stageMode sourceMaps find fail
08-06 17:55:00.691 16782 16782 E C01320/com.ctrip.harmonynext/JsEnv: [source_map.cpp500]stageMode sourceMaps find fail
08-06 17:55:00.691 16782 16782 E C01320/com.ctrip.harmonynext/JsEnv: [source_map.cpp500]stageMode sourceMaps find fail
08-06 17:55:00.691 16782 16782 E C01320/com.ctrip.harmonynext/JsEnv: [source_map.cpp500]stageMode sourceMaps find fail
08-06 17:55:00.691 16782 16782 E C01320/com.ctrip.harmonynext/JsEnv: [source_map.cpp500]stageMode sourceMaps find fail
08-06 17:55:00.691 16782 16782 E C01320/com.ctrip.harmonynext/JsEnv: [source_map.cpp500]stageMode sourceMaps find fail
08-06 17:55:00.691 16782 16782 E C01320/com.ctrip.harmonynext/JsEnv: [source_map.cpp500]stageMode sourceMaps find fail
08-06 17:55:00.691 16782 16782 E C01320/com.ctrip.harmonynext/JsEnv: [source_map.cpp500]stageMode sourceMaps find fail
08-06 17:55:00.691 16782 16782 E C01320/com.ctrip.harmonynext/JsEnv: [source_map.cpp500]stageMode sourceMaps find fail
08-06 17:55:00.691 16782 16782 E C01320/com.ctrip.harmonynext/JsEnv: [source_map.cpp500]stageMode sourceMaps find fail
08-06 17:55:00.691 16782 16782 E C01320/com.ctrip.harmonynext/JsEnv: [source_map.cpp500]stageMode sourceMaps find fail
08-06 17:55:00.691 16782 16782 E C01320/com.ctrip.harmonynext/JsEnv: [source_map.cpp500]stageMode sourceMaps find fail
08-06 17:55:00.691 16782 16782 E C01320/com.ctrip.harmonynext/JsEnv: [source_map.cpp500]stageMode sourceMaps find fail
08-06 17:55:00.691 16782 16782 E C01320/com.ctrip.harmonynext/JsEnv: [source_map.cpp500]stageMode sourceMaps find fail
08-06 17:55:00.691 16782 16782 E C01320/com.ctrip.harmonynext/JsEnv: [source_map.cpp500]stageMode sourceMaps find fail
08-06 17:55:00.691 16782 16782 E C01320/com.ctrip.harmonynext/JsEnv: [source_map.cpp500]stageMode sourceMaps find fail
08-06 17:55:00.691 16782 16782 E C01320/com.ctrip.harmonynext/JsEnv: [source_map.cpp500]stageMode sourceMaps find fail
08-06 17:55:00.691 16782 16782 E C01320/com.ctrip.harmonynext/JsEnv: [source_map.cpp500]stageMode sourceMaps find fail
08-06 17:55:00.691 16782 16782 E C01320/com.ctrip.harmonynext/JsEnv: [source_map.cpp500]stageMode sourceMaps find fail
08-06 17:55:00.691 16782 16782 E C01320/com.ctrip.harmonynext/JsEnv: [source_map.cpp500]stageMode sourceMaps find fail
08-06 17:55:00.691 16782 16782 E C01320/com.ctrip.harmonynext/JsEnv: [source_map.cpp500]stageMode sourceMaps find fail
08-06 17:55:00.691 16782 16782 E C01320/com.ctrip.harmonynext/JsEnv: [source_map.cpp500]stageMode sourceMaps find fail
08-06 17:55:00.691 16782 16782 E C01320/com.ctrip.harmonynext/JsEnv: [source_map.cpp500]stageMode sourceMaps find fail
08-06 17:55:00.691 16782 16782 E C01320/com.ctrip.harmonynext/JsEnv: [source_map.cpp500]stageMode sourceMaps find fail
08-06 17:55:00.691 16782 16782 E C01320/com.ctrip.harmonynext/JsEnv: [source_map.cpp500]stageMode sourceMaps find fail
08-06 17:55:00.691 16782 16782 E C01320/com.ctrip.harmonynext/JsEnv: [source_map.cpp500]stageMode sourceMaps find fail
08-06 17:55:00.691 16782 16782 E C01320/com.ctrip.harmonynext/JsEnv: [source_map.cpp500]stageMode sourceMaps find fail
08-06 17:55:00.691 16782 16782 E C01320/com.ctrip.harmonynext/JsEnv: [source_map.cpp500]stageMode sourceMaps find fail
08-06 17:55:00.691 16782 16782 E C01320/com.ctrip.harmonynext/JsEnv: [source_map.cpp500]stageMode sourceMaps find fail
08-06 17:55:00.691 16782 16782 E C01320/com.ctrip.harmonynext/JsEnv: [source_map.cpp500]stageMode sourceMaps find fail
08-06 17:55:00.691 16782 16782 E C01320/com.ctrip.harmonynext/JsEnv: [source_map.cpp500]stageMode sourceMaps find fail
08-06 17:55:00.691 16782 16782 E C01320/com.ctrip.harmonynext/JsEnv: [source_map.cpp500]stageMode sourceMaps find fail
08-06 17:55:00.691 16782 16782 E C01320/com.ctrip.harmonynext/JsEnv: [source_map.cpp500]stageMode sourceMaps find fail
08-06 17:55:00.691 16782 16782 E C01320/com.ctrip.harmonynext/JsEnv: [source_map.cpp500]stageMode sourceMaps find fail
08-06 17:55:00.691 16782 16782 E C01320/com.ctrip.harmonynext/JsEnv: [source_map.cpp500]stageMode sourceMaps find fail
08-06 17:55:00.691 16782 16782 E C01320/com.ctrip.harmonynext/JsEnv: [source_map.cpp500]stageMode sourceMaps find fail
08-06 17:55:00.691 16782 16782 E C01320/com.ctrip.harmonynext/JsEnv: [source_map.cpp500]stageMode sourceMaps find fail
08-06 17:55:00.691 16782 16782 E C01320/com.ctrip.harmonynext/JsEnv: [source_map.cpp500]stageMode sourceMaps find fail
08-06 17:55:00.691 16782 16782 E C01320/com.ctrip.harmonynext/JsEnv: [source_map.cpp500]stageMode sourceMaps find fail
08-06 17:55:00.691 16782 16782 E C01320/com.ctrip.harmonynext/JsEnv: [source_map.cpp500]stageMode sourceMaps find fail
08-06 17:55:00.691 16782 16782 E C01320/com.ctrip.harmonynext/JsEnv: [source_map.cpp500]stageMode sourceMaps find fail
08-06 17:55:00.691 16782 16782 E C01320/com.ctrip.harmonynext/JsEnv: [source_map.cpp500]stageMode sourceMaps find fail
08-06 17:55:00.691 16782 16782 E C01320/com.ctrip.harmonynext/JsEnv: [source_map.cpp500]stageMode sourceMaps find fail
08-06 17:55:00.691 16782 16782 E C01320/com.ctrip.harmonynext/JsEnv: [source_map.cpp500]stageMode sourceMaps find fail
08-06 17:55:00.691 16782 16782 E C01320/com.ctrip.harmonynext/JsEnv: [source_map.cpp500]stageMode sourceMaps find fail
08-06 17:55:00.691 16782 16782 E C01320/com.ctrip.harmonynext/JsEnv: [source_map.cpp500]stageMode sourceMaps find fail
08-06 17:55:00.691 16782 16782 E C01320/com.ctrip.harmonynext/JsEnv: [source_map.cpp500]stageMode sourceMaps find fail
08-06 17:55:00.691 16782 16782 E C01320/com.ctrip.harmonynext/JsEnv: [source_map.cpp500]stageMode sourceMaps find fail
08-06 17:55:00.691 16782 16782 E C01320/com.ctrip.harmonynext/JsEnv: [source_map.cpp500]stageMode sourceMaps find fail
08-06 17:55:00.691 16782 16782 E C01320/com.ctrip.harmonynext/JsEnv: [source_map.cpp500]stageMode sourceMaps find fail
08-06 17:55:00.691 16782 16782 E C01320/com.ctrip.harmonynext/JsEnv: [source_map.cpp500]stageMode sourceMaps find fail
08-06 17:55:00.691 16782 16782 E C01320/com.ctrip.harmonynext/JsEnv: [source_map.cpp500]stageMode sourceMaps find fail
08-06 17:55:00.691 16782 16782 E C01320/com.ctrip.harmonynext/JsEnv: [source_map.cpp500]stageMode sourceMaps find fail
08-06 17:55:00.691 16782 16782 E C01320/com.ctrip.harmonynext/JsEnv: [source_map.cpp500]stageMode sourceMaps find fail
08-06 17:55:00.691 16782 16782 E C01320/com.ctrip.harmonynext/JsEnv: [source_map.cpp500]stageMode sourceMaps find fail
08-06 17:55:00.691 16782 16782 E C01320/com.ctrip.harmonynext/JsEnv: [source_map.cpp500]stageMode sourceMaps find fail
08-06 17:55:00.691 16782 16782 E C01320/com.ctrip.harmonynext/JsEnv: [source_map.cpp500]stageMode sourceMaps find fail
08-06 17:55:00.691 16782 16782 E C01320/com.ctrip.harmonynext/JsEnv: [source_map.cpp500]stageMode sourceMaps find fail
08-06 17:55:00.691 16782 16782 E C01320/com.ctrip.harmonynext/JsEnv: [source_map.cpp500]stageMode sourceMaps find fail
08-06 17:55:00.691 16782 16782 E C01320/com.ctrip.harmonynext/JsEnv: [source_map.cpp500]stageMode sourceMaps find fail
08-06 17:55:00.691 16782 16782 E C01320/com.ctrip.harmonynext/JsEnv: [source_map.cpp500]stageMode sourceMaps find fail
08-06 17:55:00.691 16782 16782 E C01320/com.ctrip.harmonynext/JsEnv: [source_map.cpp500]stageMode sourceMaps find fail
08-06 17:55:00.691 16782 16782 E C01320/com.ctrip.harmonynext/JsEnv: [source_map.cpp500]stageMode sourceMaps find fail
08-06 17:55:00.691 16782 16782 E C01320/com.ctrip.harmonynext/JsEnv: [source_map.cpp500]stageMode sourceMaps find fail
08-06 17:55:00.691 16782 16782 E C01320/com.ctrip.harmonynext/JsEnv: [source_map.cpp500]stageMode sourceMaps find fail
08-06 17:55:00.691 16782 16782 E C01320/com.ctrip.harmonynext/JsEnv: [source_map.cpp500]stageMode sourceMaps find fail
08-06 17:55:00.691 16782 16782 E C01320/com.ctrip.harmonynext/JsEnv: [source_map.cpp500]stageMode sourceMaps find fail
08-06 17:55:00.691 16782 16782 E C01320/com.ctrip.harmonynext/JsEnv: [source_map.cpp500]stageMode sourceMaps find fail
08-06 17:55:00.691 16782 16782 E C01320/com.ctrip.harmonynext/JsEnv: [source_map.cpp500]stageMode sourceMaps find fail
08-06 17:55:00.691 16782 16782 E C01320/com.ctrip.harmonynext/JsEnv: [source_map.cpp500]stageMode sourceMaps find fail
08-06 17:55:00.691 16782 16782 E C01320/com.ctrip.harmonynext/JsEnv: [source_map.cpp500]stageMode sourceMaps find fail
08-06 17:55:00.693 16782 16782 E C01317/com.ctrip.harmonynext/AppKit: [MTHRD2294]
08-06 17:55:00.693 16782 16782 E C01317/com.ctrip.harmonynext/AppKit: com.ctrip.harmonynext is about to exit due to RuntimeError
08-06 17:55:00.693 16782 16782 E C01317/com.ctrip.harmonynext/AppKit: Error type:RangeError
08-06 17:55:00.693 16782 16782 E C01317/com.ctrip.harmonynext/AppKit: Error name:RangeError
08-06 17:55:00.693 16782 16782 E C01317/com.ctrip.harmonynext/AppKit: Error message:Stack overflow!
08-06 17:55:00.693 16782 16782 E C01317/com.ctrip.harmonynext/AppKit: Stacktrace:
08-06 17:55:00.693 16782 16782 E C01317/com.ctrip.harmonynext/AppKit: Cannot get SourceMap info, dump raw stack:
08-06 17:55:00.693 16782 16782 E C01317/com.ctrip.harmonynext/AppKit:     at xlgEnable (@ctcommon/ctfoundation|@ctcommon/ctfoundation|8.94.6-beta.20260727152537|src/main/ets/utils/LogUtil.ts:63:1)
08-06 17:55:00.693 16782 16782 E C01317/com.ctrip.harmonynext/AppKit:     at isCanShowLog (@ctcommon/ctfoundation|@ctcommon/ctfoundation|8.94.6-beta.20260727152537|src/main/ets/utils/LogUtil.ts:47:45)
08-06 17:55:00.693 16782 16782 E C01317/com.ctrip.harmonynext/AppKit:     at canPrintConsole (@ctcommon/ctfoundation|@ctcommon/ctfoundation|8.94.6-beta.20260727152537|src/main/ets/utils/LogUtil.ts:126:46)
08-06 17:55:00.693 16782 16782 E C01317/com.ctrip.harmonynext/AppKit:     at printConsole (@ctcommon/ctfoundation|@ctcommon/ctfoundation|8.94.6-beta.20260727152537|src/main/ets/utils/LogUtil.ts:98:21)
08-06 17:55:00.693 16782 16782 E C01317/com.ctrip.harmonynext/AppKit:     at debug (@ctcommon/ctfoundation|@ctcommon/ctfoundation|8.94.6-beta.20260727152537|src/main/ets/utils/LogUtil.ts:65:1)
08-06 17:55:00.693 16782 16782 E C01317/com.ctrip.harmonynext/AppKit:     at initMCDHosts (@ctcommon/ctimage|@ctcommon/ctimage|8.94.6-beta.20260729205823|src/main/ets/image/util/CTImageLoaderUrlTransSupportUtil.ts:109:17)
08-06 17:55:00.693 16782 16782 E C01317/com.ctrip.harmonynext/AppKit:     at getTransHostList (@ctcommon/ctimage|@ctcommon/ctimage|8.94.6-beta.20260729205823|src/main/ets/image/util/CTImageLoaderUrlTransSupportUtil.ts:50:42)
08-06 17:55:00.693 16782 16782 E C01317/com.ctrip.harmonynext/AppKit:     at isUrlHostSupportTrans (@ctcommon/ctimage|@ctcommon/ctimage|8.94.6-beta.20260729205823|src/main/ets/image/util/CTImageLoaderUrlTransSupportUtil.ts:17:75)
08-06 17:55:00.693 16782 16782 E C01317/com.ctrip.harmonynext/AppKit:     at isSupportAvifUrl (@ctcommon/ctimage|@ctcommon/ctimage|8.94.6-beta.20260729205823|src/main/ets/image/util/CTAVifSupportUtils.ts:106:46)
08-06 17:55:00.693 16782 16782 E C01317/com.ctrip.harmonynext/AppKit:     at getAvifUrlMaybeNull (@ctcommon/ctimage|@ctcommon/ctimage|8.94.6-beta.20260729205823|src/main/ets/image/util/CTAVifSupportUtils.ts:24:32)
08-06 17:55:00.693 16782 16782 E C01317/com.ctrip.harmonynext/AppKit:     at transUrl (@ctcommon/ctimage|@ctcommon/ctimage|8.94.6-beta.20260729205823|src/main/ets/image/util/CTImageUrlTransUtil.ts:28:38)
08-06 17:55:00.693 16782 16782 E C01317/com.ctrip.harmonynext/AppKit:     at transUrl (@ctcommon/ctimage|@ctcommon/ctimage|8.94.6-beta.20260729205823|src/main/ets/image/util/CTImageLoader.ts:46:43)
08-06 17:55:00.693 16782 16782 E C01317/com.ctrip.harmonynext/AppKit:     at configCommonParams (@ctcommon/ctimage|@ctcommon/ctimage|8.94.6-beta.20260729205823|src/main/ets/image/CTImage.ts:421:27)
08-06 17:55:00.693 16782 16782 E C01317/com.ctrip.harmonynext/AppKit:     at configBeforeShow (@ctcommon/ctimage|@ctcommon/ctimage|8.94.6-beta.20260729205823|src/main/ets/image/CTImage.ts:390:14)
08-06 17:55:00.693 16782 16782 E C01317/com.ctrip.harmonynext/AppKit:     at onImageOptionChange (@ctcommon/ctimage|@ctcommon/ctimage|8.94.6-beta.20260729205823|src/main/ets/image/CTImage.ts:172:14)
08-06 17:55:00.693 16782 16782 E C01317/com.ctrip.harmonynext/AppKit:     at viewPropertyHasChanged (/usr1/hmos_for_system/src/increment/sourcecode/out/generic_generic_arm_64only/general_all_phone_standard/obj/foundation/arkui/ace_engine/frameworks/bridge/declarative_frontend/stateMgmt.js:10269:1)
08-06 17:55:00.693 16782 16782 E C01317/com.ctrip.harmonynext/AppKit:     at notifyPropertyHasChangedPU (/usr1/hmos_for_system/src/increment/sourcecode/out/generic_generic_arm_64only/general_all_phone_standard/obj/foundation/arkui/ace_engine/frameworks/bridge/declarative_frontend/stateMgmt.js:8084:1)
08-06 17:55:00.693 16782 16782 E C01317/com.ctrip.harmonynext/AppKit:     at onTrackedObjectPropertyCompatModeHasChangedPU (/usr1/hmos_for_system/src/increment/sourcecode/out/generic_generic_arm_64only/general_all_phone_standard/obj/foundation/arkui/ace_engine/frameworks/bridge/declarative_frontend/stateMgmt.js:8329:1)
08-06 17:55:00.693 16782 16782 E C01317/com.ctrip.harmonynext/AppKit:     at anonymous (/usr1/hmos_for_system/src/increment/sourcecode/out/generic_generic_arm_64only/general_all_phone_standard/obj/foundation/arkui/ace_engine/frameworks/bridge/declarative_frontend/stateMgmt.js:2602:1)
08-06 17:55:00.693 16782 16782 E C01317/com.ctrip.harmonynext/AppKit:     at notifyObjectPropertyHasChanged (/usr1/hmos_for_system/src/increment/sourcecode/out/generic_generic_arm_64only/general_all_phone_standard/obj/foundation/arkui/ace_engine/frameworks/bridge/declarative_frontend/stateMgmt.js:2594:1)
08-06 17:55:00.693 16782 16782 E C01317/com.ctrip.harmonynext/AppKit:     at set (/usr1/hmos_for_system/src/increment/sourcecode/out/generic_generic_arm_64only/general_all_phone_standard/obj/foundation/arkui/ace_engine/frameworks/bridge/declarative_frontend/stateMgmt.js:2746:1)
08-06 17:55:00.693 16782 16782 E C01317/com.ctrip.harmonynext/AppKit:     at configCommonParams (@ctcommon/ctimage|@ctcommon/ctimage|8.94.6-beta.20260729205823|src/main/ets/image/CTImage.ts:418:1)
08-06 17:55:00.693 16782 16782 E C01317/com.ctrip.harmonynext/AppKit:     at configBeforeShow (@ctcommon/ctimage|@ctcommon/ctimage|8.94.6-beta.20260729205823|src/main/ets/image/CTImage.ts:390:14)
08-06 17:55:00.693 16782 16782 E C01317/com.ctrip.harmonynext/AppKit:     at onImageOptionChange (@ctcommon/ctimage|@ctcommon/ctimage|8.94.6-beta.20260729205823|src/main/ets/image/CTImage.ts:172:14)
08-06 17:55:00.693 16782 16782 E C01317/com.ctrip.harmonynext/AppKit:     at viewPropertyHasChanged (/usr1/hmos_for_system/src/increment/sourcecode/out/generic_generi
08-06 17:55:00.693 16782 16782 I C01336/com.ctrip.harmonynext/AMS: [AMC1916]RecordAppWithReason pid:16782, uid:20020314, killId:2003
08-06 17:55:00.693 16782 16782 W C01317/com.ctrip.harmonynext/AppKit: [MTHRD2301]Record result=0, send event [FRAMEWORK,PROCESS_KILL,JS_ERROR], pid=16782, processName=com.ctrip.harmonynext, msg=Kill Reason:Js Error, foreground=1, isUncatchable=0
08-06 17:55:00.693 16782 16782 I C01317/com.ctrip.harmonynext/AppKit: [application_data_manager.cpp209]main thread
08-06 17:55:00.694 16782 16782 I C01324/com.ctrip.harmonynext/JsNapi: [js_error_manager.cpp330]call func: onUnhandledException
08-06 17:55:00.694 16782 16782 I C01324/com.ctrip.harmonynext/JsNapi: [js_error_manager.cpp330]call func: onException
08-06 17:55:00.694 16782 16782 I C01324/com.ctrip.harmonynext/JsNapi: [js_error_manager.cpp586]not register defaultHandler callback
08-06 17:55:00.694 16782 16782 I C01317/com.ctrip.harmonynext/AppKit: [application_data_manager.cpp212]Complete all callbacks
08-06 17:55:00.695 16782 16782 E C01402/com.ctrip.harmonynext/2DGraphics: LoadFromTypeface: Drawing_Text [LoadFromTypeface] not variable font!
08-06 17:55:00.696 16782 17213 W C02B60/com.ctrip.harmonynext/AvifDecoderImpl: InitFrameInfo width : 48, height : 48
08-06 17:55:00.697 16782 17213 I C02B61/com.ctrip.harmonynext/ImageSource: CreatePixelMap success, id:1786010100696831,dSize:(0,0),srcSize: (48,48),dHdr:1,sHdr:1,memType: 4,cost 726 us
08-06 17:55:00.706 16782 17137 I C0393A/com.ctrip.harmonynext/DownloadManager: [(100000:100000:scope)] DownloadManager GetInstance
08-06 17:55:00.706 16782 16782 W C0392D/com.ctrip.harmonynext/AceLazyForEach: [(100000:100000:scope)] Use repeat key for index: 9
08-06 17:55:00.706 16782 17137 I C01C50/com.ctrip.harmonynext/PreloadNative: apply ram 1308 for ddac4125441d54de
08-06 17:55:00.706 16782 17137 W C02B60/com.ctrip.harmonynext/AvifDecoderImpl: InitFrameInfo width : 48, height : 48
08-06 17:55:00.706 16782 16782 I C01408/com.ctrip.harmonynext/Text: Relayout: Need to layout first
08-06 17:55:00.707 16782 16782 I C01408/com.ctrip.harmonynext/Text: Relayout: Need to layout first
08-06 17:55:00.713 16782 17119 I C05302/com.ctrip.harmonynext/histogramClient: [module_template.h:103] js invoke TcpSetExtraOptions
08-06 17:55:00.713 16782 17119 I C05302/com.ctrip.harmonynext/histogramClient: [module_template.h:103] js invoke TcpConnect
08-06 17:55:00.713 16782 17119 I C05302/com.ctrip.harmonynext/histogramClient: [socket_exec_common.h:56] new tcp socket is 394
08-06 17:55:00.713 16782 17119 I C015B0/com.ctrip.harmonynext/NETSTACK: [connect_monitor.cpp:87] connect monitor register :394
08-06 17:55:00.722 16782 17137 W C02B60/com.ctrip.harmonynext/AvifDecoderImpl: InitFrameInfo width : 48, height : 48
08-06 17:55:00.723 16782 16782 W C01408/com.ctrip.harmonynext/Text: generatePaintRegion: Call generatePaintRegion when paragraph is not formatted
08-06 17:55:00.723 16782 16782 W C01408/com.ctrip.harmonynext/Text: generatePaintRegion: Call generatePaintRegion when paragraph is not formatted
08-06 17:55:00.724 16782 17137 I C02B61/com.ctrip.harmonynext/ImageSource: CreatePixelMap success, id:1786010100722561,dSize:(0,0),srcSize: (48,48),dHdr:1,sHdr:1,memType: 4,cost 1225 us
08-06 17:55:00.796 16782 16782 I C01356/com.ctrip.harmonynext/Recovery: [app_recovery.cpp492]fileDir: /data/storage/el2/base/files
08-06 17:55:00.797 16782 17149 I C015B0/com.ctrip.harmonynext/NETSTACK: [websocket_exec.cpp:498] lws callback reason is 29
08-06 17:55:00.870 16782 16782 I C05302/com.ctrip.harmonynext/histogramClient: [module_template.h:103] js invoke TcpSetExtraOptions
08-06 17:55:00.888 16782 16782 I C05302/com.ctrip.harmonynext/histogramClient: [module_template.h:103] js invoke TcpConnect
08-06 17:55:00.888 16782 16782 I C05302/com.ctrip.harmonynext/histogramClient: [socket_exec_common.h:56] new tcp socket is 398
08-06 17:55:00.889 16782 16782 I C015B0/com.ctrip.harmonynext/NETSTACK: [connect_monitor.cpp:87] connect monitor register :398
08-06 17:55:00.897 16782 17187 E A00000/com.ctrip.harmonynext/getImageFromNet: getImageFromNet failed, error is ：TlsException: TLS handshake failed (client): tlsv1 alert internal error (1080), TLS alert internal error(F), message is: TLS handshake failed (client): tlsv1 alert internal error (1080), TLS alert internal error(F)
08-06 17:55:00.897 16782 16917 E A00000/com.ctrip.harmonynext/getImageFromNet: getImageFromNet failed, error is ：TlsException: TLS handshake failed (client): tlsv1 alert internal error (1080), TLS alert internal error(F), message is: TLS handshake failed (client): tlsv1 alert internal error (1080), TLS alert internal error(F)
08-06 17:55:00.897 16782 17187 E A00000/com.ctrip.harmonynext/getImageFromNet: 获取网络文件内容失败
08-06 17:55:00.897 16782 16917 E A00000/com.ctrip.harmonynext/getImageFromNet: 获取网络文件内容失败
08-06 17:55:00.897 16782 17174 E A00000/com.ctrip.harmonynext/getImageFromNet: getImageFromNet failed, error is ：TlsException: TLS handshake failed (client): tlsv1 alert internal error (1080), TLS alert internal error(F), message is: TLS handshake failed (client): tlsv1 alert internal error (1080), TLS alert internal error(F)
08-06 17:55:00.897 16782 17174 E A00000/com.ctrip.harmonynext/getImageFromNet: 获取网络文件内容失败
08-06 17:55:00.897 16782 17174 E A00000/com.ctrip.harmonynext/getImageFromNet: getImageFromNet failed, error is ：TlsException: TLS handshake failed (client): tlsv1 alert internal error (1080), TLS alert internal error(F), message is: TLS handshake failed (client): tlsv1 alert internal error (1080), TLS alert internal error(F)
08-06 17:55:00.897 16782 17174 E A00000/com.ctrip.harmonynext/getImageFromNet: 获取网络文件内容失败
08-06 17:55:00.897 16782 17187 E A00000/com.ctrip.harmonynext/getImageFromNet: getImageFromNet failed, error is ：TlsException: TLS handshake failed (client): tlsv1 alert internal error (1080), TLS alert internal error(F), message is: TLS handshake failed (client): tlsv1 alert internal error (1080), TLS alert internal error(F)
08-06 17:55:00.897 16782 17174 E A00000/com.ctrip.harmonynext/getImageFromNet: 获取网络文件内容失败
08-06 17:55:00.897 16782 16917 E A00000/com.ctrip.harmonynext/getImageFromNet: getImageFromNet failed, error is ：TlsException: TLS handshake failed (client): tlsv1 alert internal error (1080), TLS alert internal error(F), message is: TLS handshake failed (client): tlsv1 alert internal error (1080), TLS alert internal error(F)
08-06 17:55:00.897 16782 16917 E A00000/com.ctrip.harmonynext/getImageFromNet: 获取网络文件内容失败
08-06 17:55:00.905 16782 17213 I C0393A/com.ctrip.harmonynext/DownloadManager: [(100000:100000:scope)] DownloadManager GetInstance
08-06 17:55:00.905 16782 17213 I C01C50/com.ctrip.harmonynext/PreloadNative: apply ram 43806 for 34f2141935d95f95
08-06 17:55:00.905 16782 17137 I C0393A/com.ctrip.harmonynext/DownloadManager: [(100000:100000:scope)] DownloadManager GetInstance
08-06 17:55:00.906 16782 17137 I C01C50/com.ctrip.harmonynext/PreloadNative: apply ram 121130 for e3f8081cacdf6ec9
08-06 17:55:00.906 16782 17136 I C0393A/com.ctrip.harmonynext/DownloadManager: [(100000:100000:scope)] DownloadManager GetInstance
08-06 17:55:00.906 16782 17136 I C01C50/com.ctrip.harmonynext/PreloadNative: apply ram 55904 for 83ee3d1be4d06066
08-06 17:55:00.906 16782 17213 I C0393A/com.ctrip.harmonynext/DownloadManager: [(100000:100000:scope)] DownloadManager GetInstance
08-06 17:55:00.906 16782 17213 I C01C50/com.ctrip.harmonynext/PreloadNative: apply ram 40908 for ba0b26ae01abe44b
08-06 17:55:00.906 16782 17211 I C0393A/com.ctrip.harmonynext/DownloadManager: [(100000:100000:scope)] DownloadManager GetInstance
08-06 17:55:00.906 16782 17211 I C01C50/com.ctrip.harmonynext/PreloadNative: apply ram 119332 for 107559d8334f4555
08-06 17:55:00.907 16782 17136 I C0393A/com.ctrip.harmonynext/DownloadManager: [(100000:100000:scope)] DownloadManager GetInstance
08-06 17:55:00.907 16782 17136 I C01C50/com.ctrip.harmonynext/PreloadNative: apply ram 139470 for 74e10a15dbaae358
08-06 17:55:00.937 16782 16782 I A03D00/com.ctrip.harmonynext/JSAPP: ctTrace_1 msg:CTTrace::HTTP::handleResponsetaskID:1786010100099
08-06 17:55:00.945 16782 16885 I C04701/com.ctrip.harmonynext/OAIDJSNAPI: [nodict]Napi begin init.
08-06 17:55:00.945 16782 16885 I C04701/com.ctrip.harmonynext/OAIDJSNAPI: [nodict]Napi end init.
08-06 17:55:00.945 16782 17217 I C02D07/com.ctrip.harmonynext/ObserverMgr: register processor=1 exit
08-06 17:55:00.948 16782 16885 I C015B0/com.ctrip.harmonynext/NetMgrSubSystem: newId = 3, id = 4
08-06 17:55:00.949 16782 16885 I C015B0/com.ctrip.harmonynext/NETSTACK: [napi_utils.cpp:759] newId = 3, id = 4
08-06 17:55:00.952 16782 16885 I C01324/com.ctrip.harmonynext/JsNapi: [js_error_manager.cpp561]the thread not on error
08-06 17:55:00.952 16782 16885 E C03F00/com.ctrip.harmonynext/ArkCompiler: ReferenceError: Observed is not defined
08-06 17:55:00.952 16782 16885 E C03F00/com.ctrip.harmonynext/ArkCompiler:     at func_main_0 (@ctcommon/ctfoundation|@ctcommon/ctfoundation|8.94.6-beta.20260727152537|src/main/ets/utils/ObservedArray.ts:3:1)
08-06 17:55:00.953 16782 16885 I C00501/com.ctrip.harmonynext/Settings: napi_module Init start...
08-06 17:55:00.953 16782 16885 I C00501/com.ctrip.harmonynext/Settings: InitNapiClass is called
08-06 17:55:00.954 16782 16885 I C00501/com.ctrip.harmonynext/Settings: InitNetworkMap is called
08-06 17:55:00.954 16782 16885 I C00501/com.ctrip.harmonynext/Settings: InitNetworkMap is end
08-06 17:55:00.954 16782 16885 I C00501/com.ctrip.harmonynext/Settings: InitPhoneMap is called
08-06 17:55:00.954 16782 16885 I C00501/com.ctrip.harmonynext/Settings: InitPhoneMap is end
08-06 17:55:00.954 16782 16885 I C00501/com.ctrip.harmonynext/Settings: InitNapiClass is end
08-06 17:55:00.954 16782 16885 I C00501/com.ctrip.harmonynext/Settings: napi_module Init end...
08-06 17:55:00.962 16782 16885 I C01324/com.ctrip.harmonynext/JsNapi: [js_error_manager.cpp561]the thread not on error
08-06 17:55:00.962 16782 16885 E C03F00/com.ctrip.harmonynext/ArkCompiler: ReferenceError: Observed is not defined
08-06 17:55:00.962 16782 16885 E C03F00/com.ctrip.harmonynext/ArkCompiler:     at func_main_0 (phone|@ohos/multinavigation|1.0.3|src/main/ets/components/mainpage/NavAttributeModifier.ts:2:1)
08-06 17:55:00.962 16782 16885 I C01324/com.ctrip.harmonynext/JsNapi: [js_error_manager.cpp561]the thread not on error
08-06 17:55:00.962 16782 16885 E C03F00/com.ctrip.harmonynext/ArkCompiler: ReferenceError: Observed is not defined
08-06 17:55:00.962 16782 16885 E C03F00/com.ctrip.harmonynext/ArkCompiler:     at func_main_0 (phone|@ohos/multinavigation|1.0.3|src/main/ets/components/mainpage/MultiNavigation.ts:229:1)
08-06 17:55:00.962 16782 16885 I C01D10/com.ctrip.harmonynext/accessibility_napi: [(AccessibleAbilityConstructorStyle:1577)]
08-06 17:55:00.962 16782 16885 I C01D10/com.ctrip.harmonynext/accessibility_napi: [(Init:326)]-----Init end------
08-06 17:55:00.967 16782 16885 I C04500/com.ctrip.harmonynext/webview: Init: begin to init native media player napi properties
08-06 17:55:00.967 16782 16885 I C04500/com.ctrip.harmonynext/webview: Init: [PROXYCONTROLLER] NapiProxyConfig::Init is called
08-06 17:55:00.967 16782 16885 I C04500/com.ctrip.harmonynext/webview: Init: NapiUserAgentBrandVersion::Init is called
08-06 17:55:00.967 16782 16885 I C04500/com.ctrip.harmonynext/webview: Init: NapiUserAgentMetadata::Init is called
08-06 17:55:00.968 16782 16885 I C01304/com.ctrip.harmonynext/AbilityManagerService: [picker_n_exporter.cpp(PickerNExporter:511)]PickerNExporter is called.
08-06 17:55:00.968 16782 16885 I C01304/com.ctrip.harmonynext/AbilityManagerService: [native_module_ohos_picker.cpp(Export:42)]Class Picker for module trash has been exported
08-06 17:55:00.969 16782 16885 I C02B71/com.ctrip.harmonynext/MediaLibraryNapi: Common:{Init:156} TaskSignalNapi::Init in
08-06 17:55:00.969 16782 16885 I C02B71/com.ctrip.harmonynext/MediaLibraryNapi: Common:{Init:164} TaskSignalNapi::Init success
08-06 17:55:00.969 16782 16885 I C02B01/com.ctrip.harmonynext/CAMERA: {463} CameraPickerNapi::Init is called
08-06 17:55:00.975 16782 16885 I C01324/com.ctrip.harmonynext/JsNapi: [js_error_manager.cpp561]the thread not on error
08-06 17:55:00.975 16782 16885 E C03F00/com.ctrip.harmonynext/ArkCompiler: ReferenceError: registerNamedRoute is not defined
08-06 17:55:00.975 16782 16885 E C03F00/com.ctrip.harmonynext/ArkCompiler:     at func_main_0 (core|core|25.4.0|src/main/ets/h1/j2.ts:386:1)
08-06 17:55:00.976 16782 16885 I C01324/com.ctrip.harmonynext/JsNapi: [js_error_manager.cpp561]the thread not on error
08-06 17:55:00.976 16782 16885 E C03F00/com.ctrip.harmonynext/ArkCompiler: ReferenceError: Observed is not defined
08-06 17:55:00.976 16782 16885 E C03F00/com.ctrip.harmonynext/ArkCompiler:     at func_main_0 (@ctcommon/ctfoundation|@ctcommon/ctfoundation|8.94.6-beta.20260727152537|src/main/ets/ezCustomtransition/sessions/LongTakeSession.ts:12:1)
08-06 17:55:00.979 16782 16782 I A03D00/com.ctrip.harmonynext/JSAPP: ctTrace_2 msg:CTTrace::HTTP::handleResponsetaskID:1786010100099
08-06 17:55:01.005 16782 17189 E A00000/com.ctrip.harmonynext/getImageFromNet: getImageFromNet failed, error is ：TlsException: TLS handshake failed (client): tlsv1 alert internal error (1080), TLS alert internal error(F), message is: TLS handshake failed (client): tlsv1 alert internal error (1080), TLS alert internal error(F)
08-06 17:55:01.005 16782 17189 E A00000/com.ctrip.harmonynext/getImageFromNet: 获取网络文件内容失败
08-06 17:55:01.005 16782 16917 E A00000/com.ctrip.harmonynext/getImageFromNet: getImageFromNet failed, error is ：TlsException: TLS handshake failed (client): tlsv1 alert internal error (1080), TLS alert internal error(F), message is: TLS handshake failed (client): tlsv1 alert internal error (1080), TLS alert internal error(F)
08-06 17:55:01.005 16782 17174 E A00000/com.ctrip.harmonynext/getImageFromNet: getImageFromNet failed, error is ：TlsException: TLS handshake failed (client): tlsv1 alert internal error (1080), TLS alert internal error(F), message is: TLS handshake failed (client): tlsv1 alert internal error (1080), TLS alert internal error(F)
08-06 17:55:01.005 16782 16917 E A00000/com.ctrip.harmonynext/getImageFromNet: 获取网络文件内容失败
08-06 17:55:01.005 16782 16917 E A00000/com.ctrip.harmonynext/getImageFromNet: 获取网络文件内容失败
08-06 17:55:01.007 16782 16782 I A0BEEF/com.ctrip.harmonynext/#RNOH_ARK: █____ RNAbility  
08-06 17:55:01.007 16782 16782 I A0BEEF/com.ctrip.harmonynext/#RNOH_ARK: ██████╗ ███╗   ██╗ ██████╗ ██╗  ██╗
08-06 17:55:01.007 16782 16782 I A0BEEF/com.ctrip.harmonynext/#RNOH_ARK: ██╔══██╗████╗  ██║██╔═══██╗██║  ██║
08-06 17:55:01.007 16782 16782 I A0BEEF/com.ctrip.harmonynext/#RNOH_ARK: ██████╔╝██╔██╗ ██║██║   ██║███████║
08-06 17:55:01.007 16782 16782 I A0BEEF/com.ctrip.harmonynext/#RNOH_ARK: ██╔══██╗██║╚██╗██║██║   ██║██╔══██║
08-06 17:55:01.007 16782 16782 I A0BEEF/com.ctrip.harmonynext/#RNOH_ARK: ██║  ██║██║ ╚████║╚██████╔╝██║  ██║
08-06 17:55:01.007 16782 16782 I A0BEEF/com.ctrip.harmonynext/#RNOH_ARK: ╚═╝  ╚═╝╚═╝  ╚═══╝ ╚═════╝ ╚═╝  ╚═╝
08-06 17:55:01.007 16782 16782 I A0BEEF/com.ctrip.harmonynext/#RNOH_ARK: █____ — MAIN
08-06 17:55:01.007 16782 16782 I A0BEEF/com.ctrip.harmonynext/#RNOH_ARK: _█___ — BACKGROUND
08-06 17:55:01.007 16782 16782 I A0BEEF/com.ctrip.harmonynext/#RNOH_ARK: __█__ — JS
08-06 17:55:01.007 16782 16782 I A0BEEF/com.ctrip.harmonynext/#RNOH_ARK: ___█_ — WORKER
08-06 17:55:01.007 16782 16782 I A0BEEF/com.ctrip.harmonynext/#RNOH_ARK: ____█ — CLEANUP
08-06 17:55:01.007 16782 16782 I A0BEEF/com.ctrip.harmonynext/#RNOH_ARK: ==================
08-06 17:55:01.008 16782 16782 I A0BEEF/com.ctrip.harmonynext/#RNOH_CPP: █____ ArkTSBridge.cpp:61> ArkTSBridge::ArkTSBridge
08-06 17:55:01.008 16782 16782 I A0BEEF/com.ctrip.harmonynext/#RNOH_ARK: █____ RNAbility::CangjieBridge  tjl > [ArkTS] CangjieBridge: onInit
08-06 17:55:01.008 16782 16782 W A0BEEF/com.ctrip.harmonynext/#RNOH_ARK: █____ RNAbility::CangjieBridge  Cangjie TurboModule is not enabled. enableCangjie = false,
08-06 17:55:01.008 16782 16782 W A0BEEF/com.ctrip.harmonynext/#RNOH_ARK:         sdk api version = 26 (require >= 19)
08-06 17:55:01.008 16782 16782 I A0BEEF/com.ctrip.harmonynext/#RNOH_ARK: █____ RNAbility::CangjieBridge  tjl > [ArkTS] CangjieBridge: now calling onInit in libreact_native_cangjie.so
08-06 17:55:01.009 16782 16782 I C02700/com.ctrip.harmonynext/SensorServiceClient: in TransferClientRemoteObject, TransferClientRemoteObject ret:0
08-06 17:55:01.009 16782 16782 I C02700/com.ctrip.harmonynext/SensorServiceClient: in TransferClientRemoteObject, Done
08-06 17:55:01.009 16782 16782 I C02700/com.ctrip.harmonynext/SensorAgentProxy: in ConvertSensorInfos, Sensor count is 25
08-06 17:55:01.009 16782 16782 W C02700/com.ctrip.harmonynext/SensorJsAPI: in GetNamedProperty, sensorInfoParam not exists on the object
08-06 17:55:01.009 16782 16782 E C02700/com.ctrip.harmonynext/SensorJsAPI: in IsMatchType, ("napi_typeof") fail
08-06 17:55:01.009 16782 16782 W C02700/com.ctrip.harmonynext/SensorJsAPI: in GetDeviceIdBySensorInfoParam, sensorInfoParam failed
08-06 17:55:01.009 16782 16782 W C02700/com.ctrip.harmonynext/SensorJsAPI: in GetOptionalParameter, No deviceId, This device is selected by default
08-06 17:55:01.009 16782 16782 W C02700/com.ctrip.harmonynext/SensorJsAPI: in GetNamedProperty, sensorInfoParam not exists on the object
08-06 17:55:01.009 16782 16782 E C02700/com.ctrip.harmonynext/SensorJsAPI: in IsMatchType, ("napi_typeof") fail
08-06 17:55:01.009 16782 16782 W C02700/com.ctrip.harmonynext/SensorJsAPI: in GetSensorIdBySensorInfoParam, sensorInfoParam failed
08-06 17:55:01.009 16782 16782 W C02700/com.ctrip.harmonynext/SensorJsAPI: in GetOptionalParameter, No sensorId, The first sensor of the type is selected by default
08-06 17:55:01.009 16782 16782 I C02700/com.ctrip.harmonynext/SensorDataChannel: in CreateSensorDataChannel, In
08-06 17:55:01.009 16782 16782 I C02700/com.ctrip.harmonynext/SensorBasicChannel: in CreateSensorBasicChannel, Done
08-06 17:55:01.009 16782 16782 I C02700/com.ctrip.harmonynext/SensorDataChannel: in InnerSensorDataChannel, Done
08-06 17:55:01.009 16782 16782 I C02700/com.ctrip.harmonynext/SensorAgentProxy: in SubscribeSensor, Done, deviceIndex:-1, sensortypeId:1, sensorId:0
08-06 17:55:01.010 16782 16782 E C02700/com.ctrip.harmonynext/ISensorServiceIdl: [nodict]Read result failed, code is: 1.
08-06 17:55:01.010 16782 16782 W C02700/com.ctrip.harmonynext/SensorServiceClient: in WriteHiSysIPCEventSplit, Code does not exist, code:1
08-06 17:55:01.010 16782 16782 E C02700/com.ctrip.harmonynext/SensorAgentProxy: in ActivateSensor, Enable sensor failed, ret:201
08-06 17:55:01.010 16782 16782 E C02700/com.ctrip.harmonynext/SensorNativeAPI: in ActivateSensorEnhanced, ActivateSensor failed
08-06 17:55:01.010 16782 16782 E C02700/com.ctrip.harmonynext/SensorJsAPI: in ThrowErr, Message:SubscribeSensor fail, code:201
08-06 17:55:01.010 16782 16782 E A0BEEF/com.ctrip.harmonynext/#RNOH_ARK: █____ RNAbility::DevMenu::constructor  Shake to open Dev Menu is disabled. Couldn't create a ShakeDetector
08-06 17:55:01.010 16782 16782 E A0BEEF/com.ctrip.harmonynext/#RNOH_ARK: Did you add a permission request for ohos.permission.ACCELEROMETER in module.json5::module::requestPermissions?
08-06 17:55:01.010 16782 16782 I C03F05/com.ctrip.harmonynext/NAPI: worker:: workers num 2
08-06 17:55:01.010 16782 16782 I C03F05/com.ctrip.harmonynext/NAPI: worker:: Concated worker recordName: &@ctcommon/ctreactnative/src/main/ets/workers/CTRNOHWorker&8.94.6-beta.20260729153507, fileName: Phone/ets/modules.abc
08-06 17:55:01.011 16782 17271 I C03F00/com.ctrip.harmonynext/ArkCompiler: [pgo] initializing pgo profiler, pgo is disabled, worker is enabled, profiler: 0
08-06 17:55:01.011 16782 17217 I C04215/com.ctrip.harmonynext/WMSHierarchy: GetTopWindowWithContext: mainId:2532!
08-06 17:55:01.011 16782 16817 I C04215/com.ctrip.harmonynext/WMSHierarchy: GetTopWindowWithContext: mainId:2532!
08-06 17:55:01.013 16782 16782 I C02F0B/com.ctrip.harmonynext/DLP_CREDENTIAL: [CheckPermission]:Check permission ohos.permission.DLP_GET_HIDE_STATUS pass
08-06 17:55:01.013 16782 16782 I C02F0B/com.ctrip.harmonynext/DLP_HIDE: [GetHideInfoCcmParam]:GetParameter succeeded, prop is: UNKNOWN
08-06 17:55:01.013 16782 16782 E C02F0B/com.ctrip.harmonynext/DLP_CREDENTIAL: [CheckCapStatus]:Check dlpHideEnable failed
08-06 17:55:01.013 16782 17271 I C03F01/com.ctrip.harmonynext/NAPI: [ArkNativeEngine] Created, id 4
08-06 17:55:01.013 16782 17271 I C03301/com.ctrip.harmonynext/LIBUV: init:832
08-06 17:55:01.013 16782 17271 I C03301/com.ctrip.harmonynext/LIBUV: init:832, backend_fd:401
08-06 17:55:01.013 16782 17271 I C03301/com.ctrip.harmonynext/LIBUV: open:832, pipefd[0]:410
08-06 17:55:01.013 16782 17271 E C03F00/com.ctrip.harmonynext/ArkEtsVm: [nodict]ani: Cannot attach current thread, reached the limit of EAWorkers
08-06 17:55:01.013 16782 16782 I C02F0B/com.ctrip.harmonynext/DLP_CREDENTIAL: [SetCallAppTimesForPoint]:Call SetCallAppTimesForPoint
08-06 17:55:01.013 16782 16782 I C02F0B/com.ctrip.harmonynext/DLP_CREDENTIAL: [CallAntiPeepErrorForPoint]:Report call antipeep interface error succeed
08-06 17:55:01.013 16782 16782 E C02F0B/com.ctrip.harmonynext/DLP_CREDENTIAL: [On]:Capability status is not supported
08-06 17:55:01.013 16782 16782 I C02F0B/com.ctrip.harmonynext/DLP_CREDENTIAL: [CheckPermission]:Check permission ohos.permission.DLP_GET_HIDE_STATUS pass
08-06 17:55:01.013 16782 16782 E C02F0B/com.ctrip.harmonynext/DLP_CREDENTIAL: [CheckCapStatus]:Check dlpHideEnable failed
08-06 17:55:01.014 16782 16782 I C02F0B/com.ctrip.harmonynext/DLP_CREDENTIAL: [SetCallAppTimesForPoint]:Call SetCallAppTimesForPoint
08-06 17:55:01.014 16782 16782 I C02F0B/com.ctrip.harmonynext/DLP_CREDENTIAL: [CallAntiPeepErrorForPoint]:Report call antipeep interface error succeed
08-06 17:55:01.014 16782 16782 E A03D00/com.ctrip.harmonynext/JSAPP: dlpAntiPeep.on failed, error == 801
08-06 17:55:01.016 16782 16782 I C04209/com.ctrip.harmonynext/WMSImms: RegisterAvoidAreaChangeListener: win 2532
08-06 17:55:01.016 16782 16782 I C04200/com.ctrip.harmonynext/WMS: RegisterListener: [avoidAreaChange, 2]
08-06 17:55:01.016 16782 16782 I C04200/com.ctrip.harmonynext/WMS: OnRegisterWindowCallback: Id=2532, type=avoidAreaChange
08-06 17:55:01.016 16782 17271 I C01321/com.ctrip.harmonynext/JsRuntime: [JRC80]debug mode is 1, debug app is 0
08-06 17:55:01.016 16782 17271 I C01321/com.ctrip.harmonynext/JsRuntime: [JRC83]Create instanceId is 17271
08-06 17:55:01.016 16782 17271 W C01321/com.ctrip.harmonynext/JsRuntime: [CSM256]not Connected
08-06 17:55:01.016 16782 17271 W C01321/com.ctrip.harmonynext/JsRuntime: [CSM161]disCon
08-06 17:55:01.016 16782 17271 I C03F00/com.ctrip.harmonynext/ArkCompiler: [ecmascript] JSNApi::NotifyDebugMode, tid = 17271, debugApp = 0, isDebugMode = 0, instanceId = 17271
08-06 17:55:01.016 16782 17271 I C01321/com.ctrip.harmonynext/JsRuntime: [js_worker.cpp538]stageModule: 1
08-06 17:55:01.016 16782 17271 I C01321/com.ctrip.harmonynext/JsRuntime: [js_worker.cpp538]stageModule: 1
08-06 17:55:01.016 16782 17271 I C01321/com.ctrip.harmonynext/JsRuntime: [js_worker.cpp538]stageModule: 1
08-06 17:55:01.016 16782 17271 I C03F00/com.ctrip.harmonynext/ArkCompiler: [ecmascript] start to execute ark buffer with secure memory: /data/storage/el1/bundle/Phone/ets/modules.abc
08-06 17:55:01.021 16782 17271 I C03F00/com.ctrip.harmonynext/ArkCompiler: [ecmascript] ModuleSnapshot is disabled: export * from @normalized:Y&&&libflate2.so&
08-06 17:55:01.023 16782 17271 I C015B0/com.ctrip.harmonynext/NETSTACK: [napi_utils.cpp:759] newId = 4, id = 5
08-06 17:55:01.024 16782 17271 I C04500/com.ctrip.harmonynext/webview: Init: begin to init native media player napi properties
08-06 17:55:01.024 16782 17271 I C04500/com.ctrip.harmonynext/webview: Init: [PROXYCONTROLLER] NapiProxyConfig::Init is called
08-06 17:55:01.024 16782 17271 I C04500/com.ctrip.harmonynext/webview: Init: NapiUserAgentBrandVersion::Init is called
08-06 17:55:01.024 16782 17271 I C04500/com.ctrip.harmonynext/webview: Init: NapiUserAgentMetadata::Init is called
08-06 17:55:01.026 16782 17271 I C01304/com.ctrip.harmonynext/AbilityManagerService: [picker_n_exporter.cpp(PickerNExporter:511)]PickerNExporter is called.
08-06 17:55:01.026 16782 17271 I C01304/com.ctrip.harmonynext/AbilityManagerService: [native_module_ohos_picker.cpp(Export:42)]Class Picker for module trash has been exported
08-06 17:55:01.028 16782 17271 I C02B71/com.ctrip.harmonynext/MediaLibraryNapi: Common:{Init:156} TaskSignalNapi::Init in
08-06 17:55:01.028 16782 17271 I C02B71/com.ctrip.harmonynext/MediaLibraryNapi: Common:{Init:164} TaskSignalNapi::Init success
08-06 17:55:01.029 16782 17271 I C02B01/com.ctrip.harmonynext/CAMERA: {463} CameraPickerNapi::Init is called
08-06 17:55:01.034 16782 17185 I C01C50/com.ctrip.harmonynext/PreloadNative: apply ram 1114 for 236c0666656a61d5
08-06 17:55:01.034 16782 17185 I C015B0/com.ctrip.harmonynext/NETSTACK: [netstack_chr_report.cpp:145] LogHttpInfo: {PROCESS_NAME: com.ctrip.harmonynext, HTTP_INFO: {"uid":20020314,"response_code":200,"total_time":717714,"namelookup_time":136762,"connect_time":533874,"pretransfer_time":590126,"size_upload":0,"size_download":1114,"speed_download":1552,"speed_upload":0,"effective_method":"GET","starttransfer_time":717451,"content_type":"image/avif","redirect_time":0,"redirect_count":0,"os_errno":0,"ssl_verifyresult":0,"appconnect_time":589941,"retry_after":0,"proxy_error":0,"queue_time":197,"curl_code":0,"host_name":"h*t*s*/*d*m*0*.*-*t*i*.*o*/*m*g*s*0*8*9*2*0*k*j*y*a*C*B*R*4*_*8*j*g*.*v*f","request_start_time":1786010101034}, TCP_INFO: {"tcpi_unacked":1,"tcpi_last_data_sent":30,"tcpi_last_ack_sent":0,"tcpi_last_data_recv":0,"tcpi_last_ack_recv":0,"tcpi_retransmits": 0,"tcpi_total_retrans":0,"tcpi_rtt":268454,"tcpi_rttvar":202938,"ip_type":2,"src_ip":"100.69.**.**","dst_ip":"23.200.***.**","src_port":34216,"dst_port":443}}
08-06 17:55:01.035 16782 17185 I C015B0/com.ctrip.harmonynext/NETSTACK: [netstack_chr_report.cpp:83] Stack name: http_client, event report success iptype: 2, 0 are ignores.
08-06 17:55:01.035 16782 17185 I C015B0/com.ctrip.harmonynext/NETSTACK: [http_client_task.cpp:1177] taskid=0, size:1114, dns:136.762, connect:397.112, tls:56.067, firstSend:0.185, firstRecv:127.325, total:717.714, redirect:0.000, HandoverNum:0, handoverReason:unkown type0.000000, isRead:false, isIInQueue:false, isStream:true, errCode:0, RespCode:200, httpVer:3, method:GET, osErr:0, saddr:100.69.**.**, sport:34216, daddr:23.200.***.**, dport:443
08-06 17:55:01.035 16782 17185 I C01C50/com.ctrip.harmonynext/PreloadNative: 236c0666656a61d5 status 200
08-06 17:55:01.035 16782 16817 I C0393A/com.ctrip.harmonynext/DownloadManager: [291]Async http task of url [<private>-236c0666656a61d5] success
08-06 17:55:01.036 16782 16817 W C02B60/com.ctrip.harmonynext/AvifDecoderImpl: InitFrameInfo width : 48, height : 48
08-06 17:55:01.037 16782 17271 I C01D10/com.ctrip.harmonynext/accessibility_napi: [(AccessibleAbilityConstructorStyle:1577)]
08-06 17:55:01.037 16782 17271 I C01D10/com.ctrip.harmonynext/accessibility_napi: [(Init:326)]-----Init end------
08-06 17:55:01.037 16782 17138 W C02B60/com.ctrip.harmonynext/AvifDecoderImpl: InitFrameInfo width : 48, height : 48
08-06 17:55:01.038 16782 17138 I C02B61/com.ctrip.harmonynext/ImageSource: CreatePixelMap success, id:1786010101037705,dSize:(0,0),srcSize: (48,48),dHdr:1,sHdr:1,memType: 4,cost 708 us
